split,seed,corruption_rate,imputer,model,accuracy,f1_macro,fit_time_s,predict_time_s,peak_mem_kb
60/40,42,0.1,mean,OVR_GD,0.8471270426989984,0.7668022697772399,1.382583300000988,0.0018130000098608434,1273.953125
60/40,42,0.1,mean,OVO_GD,0.8832366895097522,0.8682430323324964,2.3473147999611683,0.3826359999948181,1078.310546875
60/40,42,0.1,mean,Softmax_GD,0.8647865050079072,0.8477322939346678,0.5958963999873959,0.0008091999916359782,3147.234375
60/40,42,0.1,mean,LDA,0.8869267264101213,0.8880819289595302,0.0036578000290319324,0.7366168999578804,526.3671875
60/40,42,0.1,mean,QDA,0.8139167105956774,0.840054080906558,0.005014900001697242,0.5854305999819189,537.439453125
60/40,42,0.1,mean,GNB,0.8895624670532419,0.892468150446611,0.004725299950223416,0.002538600005209446,1194.953125
60/40,42,0.1,median,OVR_GD,0.8463363205060622,0.7660831832513505,1.5622906999778934,0.0017630999791435897,1273.953125
60/40,42,0.1,median,OVO_GD,0.8800738007380073,0.8643124105974194,2.2522086999961175,0.38847289996920153,1078.998046875
60/40,42,0.1,median,Softmax_GD,0.863995782814971,0.8462175133823429,0.6265205999952741,0.0007469999836757779,3147.234375
60/40,42,0.1,median,LDA,0.8866631523458092,0.8865522115806493,0.00560629996471107,0.7040343999979086,526.3671875
60/40,42,0.1,median,QDA,0.8096995255666842,0.8362260417108587,0.004223099967930466,0.5886372000095434,537.1552734375
60/40,42,0.1,median,GNB,0.8900896151818661,0.8934848478440592,0.004684199986513704,0.0024004000006243587,1194.953125
60/40,42,0.1,knn,OVR_GD,0.8624143384290985,0.7823708359316995,1.4900377999874763,0.0017591000068932772,1273.953125
60/40,42,0.1,knn,OVO_GD,0.8985239852398524,0.8923322205153496,2.1985439999843948,0.38453579996712506,1078.998046875
60/40,42,0.1,knn,Softmax_GD,0.8863995782814971,0.8762749025674278,0.5799330999725498,0.0007368000224232674,3147.234375
60/40,42,0.1,knn,LDA,0.9032683183974697,0.9176331176834873,0.003639299946371466,0.7029535000328906,526.3671875
60/40,42,0.1,knn,QDA,0.8916710595677385,0.905966507181569,0.004117200034670532,0.5662328000180423,537.201171875
60/40,42,0.1,knn,GNB,0.8987875593041644,0.9071457891862015,0.005097999994177371,0.0019828000222332776,1194.953125
60/40,42,0.2,mean,OVR_GD,0.834475487612019,0.7500223890647825,1.3771742000244558,0.0016059000045061111,1273.953125
60/40,42,0.2,mean,OVO_GD,0.8616236162361623,0.8419999834542428,2.1606751999934204,0.38768939999863505,1078.310546875
60/40,42,0.2,mean,Softmax_GD,0.8473906167633105,0.8233658997827197,0.5719008999876678,0.0008163999882526696,3147.234375
60/40,42,0.2,mean,LDA,0.8721665788086452,0.867239924212747,0.0036445999867282808,0.7193977999850176,526.3671875
60/40,42,0.2,mean,QDA,0.8684765419082763,0.8781378244785751,0.004162400029599667,0.5956848000059836,537.3017578125
60/40,42,0.2,mean,GNB,0.8850817079599368,0.8887976435354144,0.004725799954030663,0.002575899998191744,1194.953125
60/40,42,0.2,median,OVR_GD,0.8342119135477069,0.7489888683284843,1.3859726000227965,0.0017479999805800617,1274.640625
60/40,42,0.2,median,OVO_GD,0.8618871903004744,0.8414471898063077,2.1841396000236273,0.3775099999620579,1078.310546875
60/40,42,0.2,median,Softmax_GD,0.845545598313126,0.8199792199319551,0.5832608999917284,0.0007254999945871532,3147.234375
60/40,42,0.2,median,LDA,0.8708487084870848,0.8630248686746348,0.0035674000391736627,0.6994731000158936,526.3671875
60/40,42,0.2,median,QDA,0.867422245651028,0.8779733259097974,0.0073386000003665686,0.5874112999881618,537.1552734375
60/40,42,0.2,median,GNB,0.8827095413811281,0.8852354875890426,0.004840100009460002,0.002331600000616163,1194.953125
60/40,42,0.2,knn,OVR_GD,0.8645229309435951,0.7859365968225175,1.5439753999817185,0.0018360000103712082,1273.953125
60/40,42,0.2,knn,OVO_GD,0.8987875593041644,0.8936890135973243,2.243664199952036,0.3754744000034407,1078.310546875
60/40,42,0.2,knn,Softmax_GD,0.8900896151818661,0.8825946265011184,0.5655047000036575,0.0007324999896809459,3147.234375
60/40,42,0.2,knn,LDA,0.9014232999472852,0.9144168295393375,0.0036891999770887196,0.7344664999982342,526.3671875
60/40,42,0.2,knn,QDA,0.8848181338956247,0.9019659765673449,0.004461599979549646,0.5846257000230253,537.3935546875
60/40,42,0.2,knn,GNB,0.8958882445967317,0.9028183079492308,0.005075199995189905,0.0020284000202082098,1194.953125
60/40,42,0.3,mean,OVR_GD,0.8189246178176067,0.7324200330658962,1.365254400006961,0.0017248000367544591,1273.953125
60/40,42,0.3,mean,OVO_GD,0.8402741170268846,0.8164376332047582,2.1675096999970265,0.3830104999942705,1078.310546875
60/40,42,0.3,mean,Softmax_GD,0.8236689509752241,0.7946174032448922,0.571005999983754,0.0009329000022262335,3147.234375
60/40,42,0.3,mean,LDA,0.8410648392198208,0.8278046847827382,0.0036285999813117087,0.6966869999887422,526.3671875
60/40,42,0.3,mean,QDA,0.8850817079599368,0.8896075393098711,0.004156700044404715,0.6009592000045814,537.1552734375
60/40,42,0.3,mean,GNB,0.8766473379019505,0.8760000039620797,0.004591299977619201,0.002412400033790618,1194.953125
60/40,42,0.3,median,OVR_GD,0.816552451238798,0.7274666635496586,1.366282599978149,0.0017732999986037612,1273.953125
60/40,42,0.3,median,OVO_GD,0.8408012651555087,0.8155452789141365,2.153879199991934,0.3848481000168249,1078.310546875
60/40,42,0.3,median,Softmax_GD,0.8207696362677912,0.7906694877831961,0.5839880999992602,0.0008361000218428671,3147.234375
60/40,42,0.3,median,LDA,0.8394833948339483,0.8240882826003852,0.0034906999790109694,0.7115729000070132,526.3671875
60/40,42,0.3,median,QDA,0.8808645229309436,0.884777210234121,0.006325399968773127,0.5884842000086792,537.439453125
60/40,42,0.3,median,GNB,0.8758566157090142,0.8757682387806209,0.004722700046841055,0.0023694000556133687,1194.953125
60/40,42,0.3,knn,OVR_GD,0.8579335793357934,0.7788896584684107,1.4274191000149585,0.0017863999819383025,1273.953125
60/40,42,0.3,knn,OVO_GD,0.8927253558249868,0.8852922138347917,2.1627969999681227,0.38752910000039265,1078.310546875
60/40,42,0.3,knn,Softmax_GD,0.8835002635740643,0.8729102409482338,0.5674989000544883,0.00073640001937747,3147.234375
60/40,42,0.3,knn,LDA,0.8977332630469161,0.9047422138726667,0.004352000018116087,0.7089620999759063,526.3671875
60/40,42,0.3,knn,QDA,0.8500263574064312,0.8696261778732213,0.004231899976730347,0.5825542000238784,537.384765625
60/40,42,0.3,knn,GNB,0.8887717448603057,0.8896234105119724,0.004696499963756651,0.0022886000224389136,1194.953125
60/40,43,0.1,mean,OVR_GD,0.8439641539272535,0.7583629116576336,2.5875244999770075,0.0022951000137254596,1273.953125
60/40,43,0.1,mean,OVO_GD,0.8808645229309436,0.8694935075353764,3.787411500001326,0.5999677000218071,1078.998046875
60/40,43,0.1,mean,Softmax_GD,0.8632050606220348,0.8477606105121691,1.156546700047329,0.0007478000479750335,3147.234375
60/40,43,0.1,mean,LDA,0.8874538745387454,0.8888670746682995,0.004453400033526123,0.7468924000277184,526.3671875
60/40,43,0.1,mean,QDA,0.8112809699525567,0.8376163261870477,0.00781679997453466,0.6419194000191055,537.1552734375
60/40,43,0.1,mean,GNB,0.8914074855034264,0.8966805837882578,0.005322200013324618,0.002313299977686256,1194.953125
60/40,43,0.1,median,OVR_GD,0.8437005798629414,0.7579781402003282,1.7244264999753796,0.001589299994520843,1273.953125
60/40,43,0.1,median,OVO_GD,0.8811280969952556,0.8694083137386478,2.9013503000023775,0.5676862999680452,1078.998046875
60/40,43,0.1,median,Softmax_GD,0.8629414865577227,0.8471763265561888,0.648076499986928,0.0013438999885693192,3147.234375
60/40,43,0.1,median,LDA,0.8853452820242488,0.885290659617492,0.0067331999889574945,0.9308812000090256,526.3671875
60/40,43,0.1,median,QDA,0.8078545071164998,0.8338878603191364,0.006938900041859597,0.6451003999682143,537.1552734375
60/40,43,0.1,median,GNB,0.8903531892461781,0.8956460707424585,0.005712100013624877,0.0024984999909065664,1194.953125
60/40,43,0.1,knn,OVR_GD,0.8555614127569847,0.777857130144571,1.672941000026185,0.0016232000198215246,1273.953125
60/40,43,0.1,knn,OVO_GD,0.8987875593041644,0.8941928107497252,2.2655736000160687,0.37406019994523376,1078.998046875
60/40,43,0.1,knn,Softmax_GD,0.8811280969952556,0.8735694256320345,0.5785845000064,0.0007116999477148056,3147.234375
60/40,43,0.1,knn,LDA,0.9024775962045335,0.9185701651015341,0.006147400010377169,0.7437453999882564,526.3671875
60/40,43,0.1,knn,QDA,0.8966789667896679,0.9128217234497246,0.00542860000859946,0.595163100049831,537.1552734375
60/40,43,0.1,knn,GNB,0.8945703742751713,0.9029040906159649,0.0051525000017136335,0.0020856999908573925,1194.953125
60/40,43,0.2,mean,OVR_GD,0.8257775434897207,0.7447171191717038,1.4285620999871753,0.0016728999908082187,1273.953125
60/40,43,0.2,mean,OVO_GD,0.8632050606220348,0.8488060819447536,2.2383747000130825,0.37179679999826476,1078.310546875
60/40,43,0.2,mean,Softmax_GD,0.8426462836056932,0.8218560068024544,0.5842506000190042,0.0008175999973900616,3147.234375
60/40,43,0.2,mean,LDA,0.8697944122298366,0.8670514340305807,0.005783099972177297,0.7159567000344396,526.3671875
60/40,43,0.2,mean,QDA,0.8695308381655246,0.879783357827422,0.01186770002823323,0.5922256000339985,537.439453125
60/40,43,0.2,mean,GNB,0.8877174486030575,0.8935438737146653,0.005304999998770654,0.0024698000052012503,1194.953125
60/40,43,0.2,median,OVR_GD,0.8252503953610965,0.7448328514291868,1.4919922999688424,0.0016154000186361372,1273.953125
60/40,43,0.2,median,OVO_GD,0.8618871903004744,0.8461985825860898,2.3353799000033177,0.3694433000055142,1078.310546875
60/40,43,0.2,median,Softmax_GD,0.8410648392198208,0.8185509710834389,0.5818397999973968,0.0007967000128701329,3147.234375
60/40,43,0.2,median,LDA,0.86768581971534,0.8649097114473552,0.003536100033670664,0.7099303999566473,526.3671875
60/40,43,0.2,median,QDA,0.8666315234580917,0.8779595511290931,0.004616000049281865,0.5836911000078544,537.2099609375
60/40,43,0.2,median,GNB,0.8861360042171851,0.8910139779342707,0.0047101000091061,0.002465799974743277,1194.953125
60/40,43,0.2,knn,OVR_GD,0.8539799683711122,0.7805509656432729,1.6109249999863096,0.0018469999777153134,1273.953125
60/40,43,0.2,knn,OVO_GD,0.8943068002108593,0.8879737879778363,2.249357799999416,0.3650874000159092,1078.310546875
60/40,43,0.2,knn,Softmax_GD,0.8816552451238798,0.8728144753714293,0.5834326000185683,0.000756800000090152,3147.234375
60/40,43,0.2,knn,LDA,0.8993147074327886,0.913467317959846,0.00372780003817752,0.7108583000372164,526.3671875
60/40,43,0.2,knn,QDA,0.8837638376383764,0.8996937154207613,0.004589500022120774,0.5923310999642126,537.34765625
60/40,43,0.2,knn,GNB,0.8924617817606747,0.9004758440587138,0.005252800008747727,0.0019975999603047967,1194.953125
60/40,43,0.3,mean,OVR_GD,0.808908803373748,0.726215617837946,1.4493211000226438,0.0015929999644868076,1273.953125
60/40,43,0.3,mean,OVO_GD,0.8405376910911966,0.8228891098426868,2.2306065000011586,0.37709470000118017,1079.279296875
60/40,43,0.3,mean,Softmax_GD,0.8168160253031101,0.79121235106244,0.5854653000133112,0.0008643999462947249,3147.234375
60/40,43,0.3,mean,LDA,0.8481813389562467,0.8403083729345283,0.003527000022586435,0.7135258999769576,526.3671875
60/40,43,0.3,mean,QDA,0.8827095413811281,0.8842524671445194,0.006409599969629198,0.5806867000064813,537.1552734375
60/40,43,0.3,mean,GNB,0.8755930416447022,0.8762654064811833,0.004978100012522191,0.0023524999851360917,1194.953125
60/40,43,0.3,median,OVR_GD,0.8070637849235636,0.7221050913458953,1.407303599989973,0.00180309999268502,1273.953125
60/40,43,0.3,median,OVO_GD,0.8402741170268846,0.8213763338505308,2.291950699989684,0.3684629999916069,1078.310546875
60/40,43,0.3,median,Softmax_GD,0.816552451238798,0.7899937242353239,0.5861828000051901,0.0007459999760612845,3147.234375
60/40,43,0.3,median,LDA,0.8463363205060622,0.8376702150399821,0.00480490003246814,0.7214608000358567,526.3671875
60/40,43,0.3,median,QDA,0.8774380600948867,0.8806115002453858,0.00547309999819845,0.5904794999514706,537.2099609375
60/40,43,0.3,median,GNB,0.8737480231945176,0.8738143088435327,0.0048828000435605645,0.0025545000098645687,1194.953125
60/40,43,0.3,knn,OVR_GD,0.8463363205060622,0.7691386397807746,1.5600971999811009,0.002492500003427267,1273.953125
60/40,43,0.3,knn,OVO_GD,0.8885081707959936,0.8821341971629236,2.294054900004994,0.3674596999771893,1078.310546875
60/40,43,0.3,knn,Softmax_GD,0.8726937269372693,0.8635213191312693,0.613735800026916,0.0008363999659195542,3147.234375
60/40,43,0.3,knn,LDA,0.8921982076963627,0.8999321374874241,0.00379290001001209,0.7022916999994777,526.3671875
60/40,43,0.3,knn,QDA,0.8505535055350554,0.8684615176423927,0.00435439997818321,0.5837340000434779,537.1552734375
60/40,43,0.3,knn,GNB,0.8856088560885609,0.889391508614923,0.004995400027837604,0.002004200010560453,1194.953125
60/40,44,0.1,mean,OVR_GD,0.8468634686346863,0.763002497286911,1.428998399991542,0.0017090999754145741,1273.953125
60/40,44,0.1,mean,OVO_GD,0.8816552451238798,0.8651988681372076,2.246911900001578,0.37137790000997484,1078.998046875
60/40,44,0.1,mean,Softmax_GD,0.8653136531365314,0.8477909471349668,0.5850709999795072,0.0008787999977357686,3147.234375
60/40,44,0.1,mean,LDA,0.8877174486030575,0.8909635861683654,0.00342550000641495,0.7015523999580182,526.3671875
60/40,44,0.1,mean,QDA,0.7959936742224565,0.8252442542714695,0.00663760001771152,0.5810256999684498,537.2470703125
60/40,44,0.1,mean,GNB,0.8885081707959936,0.8914113823708805,0.005189300049096346,0.002561100001912564,1194.953125
60/40,44,0.1,median,OVR_GD,0.845809172377438,0.7616714880002614,1.414734399993904,0.0016233999631367624,1273.953125
60/40,44,0.1,median,OVO_GD,0.8803373748023194,0.8624550739262776,2.2451147999963723,0.3864735999959521,1078.310546875
60/40,44,0.1,median,Softmax_GD,0.8668950975224038,0.8497385752053516,0.5764949999866076,0.0007653000066056848,3147.234375
60/40,44,0.1,median,LDA,0.8863995782814971,0.8881713337498576,0.004444300022441894,0.7038256999803707,526.3671875
60/40,44,0.1,median,QDA,0.7928307854507116,0.8215837804304548,0.005225399974733591,0.6011604000232182,537.34765625
60/40,44,0.1,median,GNB,0.8887717448603057,0.8919465309775994,0.0052010000217705965,0.0022826999775134027,1194.953125
60/40,44,0.1,knn,OVR_GD,0.8560885608856088,0.7718976030453548,1.5116523999604397,0.001728000002913177,1273.953125
60/40,44,0.1,knn,OVO_GD,0.8924617817606747,0.8827579744408794,2.2448609999846667,0.37119520001579076,1078.310546875
60/40,44,0.1,knn,Softmax_GD,0.8813916710595677,0.8720757954288949,0.5791930999839678,0.0007454999722540379,3147.234375
60/40,44,0.1,knn,LDA,0.8964153927253559,0.9115559008091563,0.00362249999307096,0.6930551999830641,526.3671875
60/40,44,0.1,knn,QDA,0.8777016341591988,0.8951988172925492,0.00543900002958253,0.6275444999919273,537.255859375
60/40,44,0.1,knn,GNB,0.8948339483394834,0.9029719214258737,0.004712400026619434,0.002099999983329326,1194.953125
60/40,44,0.2,mean,OVR_GD,0.8334211913547707,0.7481397495245831,1.431387500022538,0.0023893999750725925,1273.953125
60/40,44,0.2,mean,OVO_GD,0.8658408012651555,0.8469605723842333,2.6186999999918044,0.38230599998496473,1078.998046875
60/40,44,0.2,mean,Softmax_GD,0.8463363205060622,0.8254594678357662,0.6141556000220589,0.0007934999885037541,3147.234375
60/40,44,0.2,mean,LDA,0.8755930416447022,0.870591605049295,0.0034351000213064253,0.7112492999876849,526.3671875
60/40,44,0.2,mean,QDA,0.8608328940432262,0.8732040944362623,0.004402399994432926,0.7353336000232957,537.1552734375
60/40,44,0.2,mean,GNB,0.882445967316816,0.8852919076498005,0.004658500023651868,0.002419400028884411,1194.953125
60/40,44,0.2,median,OVR_GD,0.8336847654190828,0.7503787117337651,1.6812867000116967,0.0015852999640628695,1273.953125
60/40,44,0.2,median,OVO_GD,0.8642593568792831,0.8447027944004176,2.3009060999611393,0.42429679998895153,1078.310546875
60/40,44,0.2,median,Softmax_GD,0.8481813389562467,0.8266299509880766,0.588723199965898,0.0008181000011973083,3147.234375
60/40,44,0.2,median,LDA,0.8734844491302056,0.8673281689603567,0.0035312999971210957,0.7208162999595515,526.3671875
60/40,44,0.2,median,QDA,0.8568792830785451,0.8701288729119838,0.004866100032813847,0.5948902000091039,537.1552734375
60/40,44,0.2,median,GNB,0.8800738007380073,0.8822025992514447,0.004993999958969653,0.0024050999782048166,1194.953125
60/40,44,0.2,knn,OVR_GD,0.8581971534001054,0.7777683320552541,1.593625699984841,0.0027615000144578516,1273.953125
60/40,44,0.2,knn,OVO_GD,0.8921982076963627,0.8836441752270235,2.469660400005523,0.36995580000802875,1078.310546875
60/40,44,0.2,knn,Softmax_GD,0.8813916710595677,0.8727358666947561,0.576717899995856,0.0007781999884173274,3147.234375
60/40,44,0.2,knn,LDA,0.8958882445967317,0.9108250420207947,0.003659500041976571,0.7029459000332281,526.3671875
60/40,44,0.2,knn,QDA,0.8711122825513969,0.8893291659388067,0.0044985999702475965,0.5731853999895975,537.2470703125
60/40,44,0.2,knn,GNB,0.893252503953611,0.9011132346715681,0.005087600031401962,0.00223129999358207,1194.953125
60/40,44,0.3,mean,OVR_GD,0.8054823405376911,0.7192977787628563,1.4104222999885678,0.001602599979378283,1273.953125
60/40,44,0.3,mean,OVO_GD,0.8373748023194517,0.8125591540963211,2.260158999997657,0.37516320002032444,1078.310546875
60/40,44,0.3,mean,Softmax_GD,0.8220875065893516,0.7940279715679932,0.5776980000082403,0.0007931999862194061,3147.234375
60/40,44,0.3,mean,LDA,0.8473906167633105,0.8352047104390941,0.0034254000056535006,0.6926688000094146,526.3671875
60/40,44,0.3,mean,QDA,0.8758566157090142,0.8807363754936794,0.004161600023508072,0.5779322999878787,537.2099609375
60/40,44,0.3,mean,GNB,0.8737480231945176,0.8749111226044052,0.004632500000298023,0.0023283999762497842,1194.953125
60/40,44,0.3,median,OVR_GD,0.8046916183447549,0.7165570966793334,1.3983826999901794,0.0016318000270985067,1273.953125
60/40,44,0.3,median,OVO_GD,0.8360569319978914,0.8093317488706188,2.2162445999565534,0.3688103000167757,1078.310546875
60/40,44,0.3,median,Softmax_GD,0.8218239325250395,0.7916511108811612,0.5856600999832153,0.0009248999995179474,3147.234375
60/40,44,0.3,median,LDA,0.845545598313126,0.8309199068639569,0.003786100016441196,0.6933315999922343,526.3671875
60/40,44,0.3,median,QDA,0.8721665788086452,0.8782924243307738,0.004405799962114543,0.575038900016807,537.201171875
60/40,44,0.3,median,GNB,0.8700579862941487,0.8717898842645783,0.00528189999749884,0.0023234999971464276,1194.953125
60/40,44,0.3,knn,OVR_GD,0.8513442277279916,0.7713102207823602,1.4888183000148274,0.0015669999993406236,1273.953125
60/40,44,0.3,knn,OVO_GD,0.8829731154454402,0.8730375864250733,2.219871500041336,0.37186939996900037,1078.310546875
60/40,44,0.3,knn,Softmax_GD,0.8737480231945176,0.8619244130049847,0.5786152000073344,0.0013163000112399459,3147.234375
60/40,44,0.3,knn,LDA,0.8961518186610438,0.9060946771497272,0.0035069999867118895,0.7114538999740034,526.3671875
60/40,44,0.3,knn,QDA,0.8241960991038482,0.8506145821522714,0.004151300003286451,0.5753889000043273,537.2099609375
60/40,44,0.3,knn,GNB,0.8879810226673696,0.8934565932341754,0.0048414000193588436,0.0020465999841690063,1194.953125
60/40,45,0.1,mean,OVR_GD,0.8368476541908276,0.7497040585005651,1.4082984999986365,0.00163569999858737,1273.953125
60/40,45,0.1,mean,OVO_GD,0.875065893516078,0.8655169784842253,2.210596600023564,0.3756932999822311,1078.310546875
60/40,45,0.1,mean,Softmax_GD,0.8610964681075383,0.8457926476549469,0.6245217000250705,0.0008764999802224338,3147.234375
60/40,45,0.1,mean,LDA,0.8882445967316817,0.8913825126953648,0.005841600010171533,0.6995220000389963,526.3671875
60/40,45,0.1,mean,QDA,0.812598840274117,0.8392998388890766,0.004432499990798533,0.5785203999839723,537.255859375
60/40,45,0.1,mean,GNB,0.8821823932525039,0.8874800675468383,0.004810799960978329,0.002340200007893145,1194.953125
60/40,45,0.1,median,OVR_GD,0.838165524512388,0.7505153606650495,1.5020675999694504,0.0017751000123098493,1273.953125
60/40,45,0.1,median,OVO_GD,0.8771744860305746,0.8671801466652366,2.4315217999974266,0.37257940002018586,1078.998046875
60/40,45,0.1,median,Softmax_GD,0.8613600421718502,0.8459650809541545,0.606040499988012,0.0008773999870754778,3147.234375
60/40,45,0.1,median,LDA,0.8861360042171851,0.8894008824029592,0.006057900027371943,0.6906718000536785,526.3671875
60/40,45,0.1,median,QDA,0.8083816552451238,0.8352372804407421,0.004166700004134327,0.5802829000167549,537.1552734375
60/40,45,0.1,median,GNB,0.882445967316816,0.8886175552957344,0.004985300009138882,0.002633000025525689,1194.953125
60/40,45,0.1,knn,OVR_GD,0.8523985239852399,0.7726064897663368,1.4867847000132315,0.00179569999454543,1273.953125
60/40,45,0.1,knn,OVO_GD,0.8964153927253559,0.8947909154724669,2.2295636999770068,0.3819194000097923,1078.310546875
60/40,45,0.1,knn,Softmax_GD,0.8803373748023194,0.876008323660412,0.5783267000224441,0.0007355999550782144,3147.234375
60/40,45,0.1,knn,LDA,0.8987875593041644,0.9154013203100765,0.003841000027023256,0.694673900026828,526.3671875
60/40,45,0.1,knn,QDA,0.8863995782814971,0.9032418324345779,0.004254399973433465,0.5780601999722421,537.1552734375
60/40,45,0.1,knn,GNB,0.8948339483394834,0.9031966425276183,0.004888599971309304,0.00211280002258718,1194.953125
60/40,45,0.2,mean,OVR_GD,0.8194517659462309,0.7300160575650426,1.4160683000227436,0.0016827000072225928,1273.953125
60/40,45,0.2,mean,OVO_GD,0.8539799683711122,0.8367493993673355,2.22077369998442,0.37262189999455586,1078.310546875
60/40,45,0.2,mean,Softmax_GD,0.8397469688982604,0.8179037426394263,0.5749154000077397,0.0008140000281855464,3147.234375
60/40,45,0.2,mean,LDA,0.8632050606220348,0.8594560173041789,0.0035941999522037804,0.6970128000248224,526.3671875
60/40,45,0.2,mean,QDA,0.8663679493937797,0.8785334722284187,0.004403600003570318,0.5771030999603681,537.439453125
60/40,45,0.2,mean,GNB,0.8803373748023194,0.8860971415954689,0.005095799977425486,0.0024858000106178224,1194.953125
60/40,45,0.2,median,OVR_GD,0.8202424881391671,0.7300427366433528,1.413109099958092,0.0015849000192247331,1273.953125
60/40,45,0.2,median,OVO_GD,0.853189246178176,0.8355874288289652,2.252026600006502,0.3711291000363417,1077.982421875
60/40,45,0.2,median,Softmax_GD,0.838165524512388,0.8151452337428572,0.5798876999760978,0.0007418000022880733,3147.234375
60/40,45,0.2,median,LDA,0.8626779124934106,0.8580085436928961,0.004358100006356835,0.6869299000245519,526.3671875
60/40,45,0.2,median,QDA,0.8621507643647865,0.8742323190079503,0.004684200044721365,0.5794600999797694,537.201171875
60/40,45,0.2,median,GNB,0.878492356352135,0.883012398489779,0.005170200020074844,0.0025698000099509954,1194.953125
60/40,45,0.2,knn,OVR_GD,0.8497627833421192,0.769001671387098,1.5024360999814235,0.001824999984819442,1274.640625
60/40,45,0.2,knn,OVO_GD,0.8919346336320506,0.8908031874914383,2.274188299954403,0.3682871999917552,1077.513671875
60/40,45,0.2,knn,Softmax_GD,0.8779652082235108,0.8729295325423365,0.5752100999816321,0.0007333999965339899,3147.234375
60/40,45,0.2,knn,LDA,0.8943068002108593,0.9105855760209315,0.005623499979265034,0.6847087999922223,526.3671875
60/40,45,0.2,knn,QDA,0.8719030047443331,0.8953726792308085,0.0043311999761499465,0.5720680999802426,537.201171875
60/40,45,0.2,knn,GNB,0.8929889298892989,0.9005540838031285,0.0048528999905101955,0.0021884000161662698,1194.953125
60/40,45,0.3,mean,OVR_GD,0.8023194517659462,0.7112510249878318,1.4202801999635994,0.0016713000368326902,1273.671875
60/40,45,0.3,mean,OVO_GD,0.8313125988402741,0.8072632888217323,2.277091500000097,0.3733185000019148,1077.513671875
60/40,45,0.3,mean,Softmax_GD,0.8144438587243016,0.7874719817500705,0.5771315000019968,0.0007609999738633633,3147.921875
60/40,45,0.3,mean,LDA,0.8365840801265155,0.8248931996353619,0.003710600023623556,0.6879546999698505,526.3671875
60/40,45,0.3,mean,QDA,0.878492356352135,0.8833770174597613,0.004961400001775473,0.5895273999776691,537.3388671875
60/40,45,0.3,mean,GNB,0.8708487084870848,0.872176663636872,0.00515020004240796,0.0023034000187180936,1194.953125
60/40,45,0.3,median,OVR_GD,0.7999472851871375,0.7083513581635924,1.428791300044395,0.0015931999660097063,1273.671875
60/40,45,0.3,median,OVO_GD,0.827358987875593,0.801986365964597,2.275334100006148,0.3719975000130944,1077.513671875
60/40,45,0.3,median,Softmax_GD,0.8131259884027412,0.7845232186354396,0.5781138999736868,0.0007375000277534127,3147.234375
60/40,45,0.3,median,LDA,0.8336847654190828,0.8197016601117992,0.003411899961065501,0.6768839000142179,526.3671875
60/40,45,0.3,median,QDA,0.878492356352135,0.883564984650806,0.006197999988216907,0.5770432000281289,537.255859375
60/40,45,0.3,median,GNB,0.8703215603584608,0.8708378926194268,0.004682700033299625,0.0023730999673716724,1194.953125
60/40,45,0.3,knn,OVR_GD,0.8434370057986295,0.7602686784245478,1.5964231999823824,0.0015010000206530094,1273.671875
60/40,45,0.3,knn,OVO_GD,0.8882445967316817,0.8875830666900504,2.284086700004991,0.37130449997493997,1077.513671875
60/40,45,0.3,knn,Softmax_GD,0.8734844491302056,0.8683984822457445,0.5800378000130877,0.0007850000401958823,3147.234375
60/40,45,0.3,knn,LDA,0.8964153927253559,0.9067152140404146,0.003618600021582097,0.6915934000280686,526.3671875
60/40,45,0.3,knn,QDA,0.8465998945703743,0.8696455765481882,0.004551100020762533,0.6126975999795832,537.255859375
60/40,45,0.3,knn,GNB,0.8832366895097522,0.8829082352710061,0.004849399963859469,0.0018760000239126384,1194.953125
60/40,46,0.1,mean,OVR_GD,0.8397469688982604,0.7512234784749386,1.426812499994412,0.002057700010482222,1273.671875
60/40,46,0.1,mean,OVO_GD,0.871375856615709,0.8590138883669721,2.2724413000396453,0.373228799959179,1077.513671875
60/40,46,0.1,mean,Softmax_GD,0.8576700052714813,0.8397629290909976,0.5816044000093825,0.0007576000061817467,3147.921875
60/40,46,0.1,mean,LDA,0.8837638376383764,0.8853774669070686,0.003421999979764223,0.7165492000058293,526.3671875
60/40,46,0.1,mean,QDA,0.7930943595150237,0.8237464478448152,0.0041853999719023705,0.6021325999754481,537.1552734375
60/40,46,0.1,mean,GNB,0.8850817079599368,0.888228340631585,0.00459889997728169,0.0022995000472292304,1194.953125
60/40,46,0.1,median,OVR_GD,0.8389562467053242,0.7489302548690747,1.4283054000115953,0.0020755999721586704,1273.671875
60/40,46,0.1,median,OVO_GD,0.8711122825513969,0.8588865774263196,2.2935422000009567,0.3668704999727197,1077.513671875
60/40,46,0.1,median,Softmax_GD,0.8552978386926726,0.8369410520038753,0.5806498999590985,0.0007521000225096941,3147.234375
60/40,46,0.1,median,LDA,0.8816552451238798,0.8814373863019836,0.003626000019721687,0.683680199959781,526.3671875
60/40,46,0.1,median,QDA,0.790722192936215,0.8199246578043512,0.004257699998561293,0.6005358000402339,537.255859375
60/40,46,0.1,median,GNB,0.8837638376383764,0.8874376230010991,0.004737299983389676,0.0023204999743029475,1194.953125
60/40,46,0.1,knn,OVR_GD,0.8595150237216658,0.7800498821756179,1.5179913999745622,0.0018003000295720994,1273.671875
60/40,46,0.1,knn,OVO_GD,0.8950975224037955,0.8903977435131198,2.2991097000194713,0.37178729998413473,1077.513671875
60/40,46,0.1,knn,Softmax_GD,0.8806009488666315,0.8728410967804786,0.5743742000195198,0.0007312999805435538,3147.234375
60/40,46,0.1,knn,LDA,0.893516078017923,0.9116071648160625,0.0041884999955073,0.6929976000101306,526.3671875
60/40,46,0.1,knn,QDA,0.8871903004744334,0.903861602736322,0.004621999978553504,0.5807557000080124,537.3017578125
60/40,46,0.1,knn,GNB,0.8895624670532419,0.8987842607573339,0.004878300009295344,0.0019706999883055687,1194.953125
60/40,46,0.2,mean,OVR_GD,0.8183974696889826,0.7299950736700503,1.4233980000135489,0.0020366000244393945,1273.671875
60/40,46,0.2,mean,OVO_GD,0.8534528202424881,0.8339336332164666,2.273532199964393,0.3760861000046134,1078.248046875
60/40,46,0.2,mean,Softmax_GD,0.8355297838692672,0.8102245576647998,0.6347846999997273,0.0007537999772466719,3147.234375
60/40,46,0.2,mean,LDA,0.8610964681075383,0.8594017514206266,0.005877699994016439,0.6996575000230223,526.3671875
60/40,46,0.2,mean,QDA,0.8568792830785451,0.8726342564460151,0.004353600030299276,0.6027519999770448,537.201171875
60/40,46,0.2,mean,GNB,0.879019504480759,0.883798582099426,0.004814700048882514,0.0023785000084899366,1194.953125
60/40,46,0.2,median,OVR_GD,0.8186610437532946,0.7293317315174735,1.4317652000463568,0.0018882000003941357,1273.671875
60/40,46,0.2,median,OVO_GD,0.8521349499209278,0.8312690062332313,2.2712471000268124,0.38071679999120533,1077.513671875
60/40,46,0.2,median,Softmax_GD,0.8352662098049551,0.8092632158179228,0.5789384000236169,0.0007586000137962401,3147.234375
60/40,46,0.2,median,LDA,0.8581971534001054,0.8553482164982789,0.003692900005262345,0.6964957999880426,526.3671875
60/40,46,0.2,median,QDA,0.852662098049552,0.8692711101971734,0.004101600032299757,0.6030262999702245,537.2099609375
60/40,46,0.2,median,GNB,0.8771744860305746,0.8820279761269454,0.004902200016658753,0.002410799963399768,1194.953125
60/40,46,0.2,knn,OVR_GD,0.8563521349499209,0.7775763601001059,1.5282429000362754,0.0020326999947428703,1273.671875
60/40,46,0.2,knn,OVO_GD,0.8908803373748023,0.8861487265672204,2.273009500000626,0.3799388000043109,1077.513671875
60/40,46,0.2,knn,Softmax_GD,0.8787559304164471,0.8703569005106084,0.5886799999861978,0.0007268000044859946,3147.234375
60/40,46,0.2,knn,LDA,0.8908803373748023,0.9081703730788581,0.006082699983380735,0.6932113000075333,526.3671875
60/40,46,0.2,knn,QDA,0.8813916710595677,0.8985952274074701,0.006826799944974482,0.607023400021717,537.2099609375
60/40,46,0.2,knn,GNB,0.8879810226673696,0.8977115565673394,0.004965500032994896,0.0020859999931417406,1194.953125
60/40,46,0.3,mean,OVR_GD,0.7988929889298892,0.71130546326788,1.4920044000027701,0.001635399996303022,1273.671875
60/40,46,0.3,mean,OVO_GD,0.8276225619399051,0.8015313361019861,2.461084500013385,0.36917419999372214,1077.513671875
60/40,46,0.3,mean,Softmax_GD,0.8057459146020032,0.7742791775326895,0.588595199980773,0.000882200023625046,3147.234375
60/40,46,0.3,mean,LDA,0.8360569319978914,0.8299009704978874,0.003715400001965463,0.6964708999730647,526.3671875
60/40,46,0.3,mean,QDA,0.8724301528729573,0.8777401784222144,0.004448099993169308,0.6098864999949001,537.2099609375
60/40,46,0.3,mean,GNB,0.8705851344227727,0.8753357209146017,0.005216099962126464,0.0027561000315472484,1194.953125
60/40,46,0.3,median,OVR_GD,0.8004744333157617,0.7120437527006415,1.5260247000260279,0.0016695000231266022,1273.671875
60/40,46,0.3,median,OVO_GD,0.8255139694254086,0.7987943791888256,2.3195189999532886,0.36547910002991557,1077.513671875
60/40,46,0.3,median,Softmax_GD,0.8068002108592515,0.7734293402797182,0.5840083000366576,0.0007618000381626189,3147.234375
60/40,46,0.3,median,LDA,0.834475487612019,0.8266215894979086,0.0035605999873951077,0.6894406999927014,526.3671875
60/40,46,0.3,median,QDA,0.8695308381655246,0.8752898111855281,0.004454299982171506,0.5978203000267968,537.1552734375
60/40,46,0.3,median,GNB,0.867422245651028,0.8719868495493913,0.004610600008163601,0.0023426999687217176,1194.953125
60/40,46,0.3,knn,OVR_GD,0.8497627833421192,0.7658984679431822,1.5178976999595761,0.001623300020582974,1274.359375
60/40,46,0.3,knn,OVO_GD,0.885872430152873,0.8807360036274414,2.283746399974916,0.3741711999755353,1077.513671875
60/40,46,0.3,knn,Softmax_GD,0.8745387453874539,0.8673135702048828,0.5833032000227831,0.000867700029630214,3147.234375
60/40,46,0.3,knn,LDA,0.8842909857670005,0.8972079077492536,0.0036146999918855727,0.6863024000194855,526.3671875
60/40,46,0.3,knn,QDA,0.8452820242488139,0.871385230171281,0.004369500034954399,0.6101715000113472,537.1552734375
60/40,46,0.3,knn,GNB,0.8816552451238798,0.8889927574059271,0.00554270000429824,0.002022300031967461,1194.953125
70/30,42,0.1,mean,OVR_GD,0.8440463645943098,0.7636950251218579,1.5288823999580927,0.0014097000239416957,1470.46484375
70/30,42,0.1,mean,OVO_GD,0.8791710572532491,0.8672167216807181,2.346164199989289,0.282325700041838,1225.2509765625
70/30,42,0.1,mean,Softmax_GD,0.8640674394099052,0.8469812785548145,0.659843000001274,0.000611600000411272,3657.7265625
70/30,42,0.1,mean,LDA,0.8911134527572884,0.8926082572562315,0.004663400002755225,0.539588299987372,602.6171875
70/30,42,0.1,mean,QDA,0.807516684229013,0.8372036378477035,0.004748000006657094,0.4434408000088297,613.4052734375
70/30,42,0.1,mean,GNB,0.8893572181243414,0.8945418980130624,0.005685900046955794,0.0020470000454224646,913.8125
70/30,42,0.1,median,OVR_GD,0.8443976115208992,0.7623370730746165,1.5464333000127226,0.0014059999957680702,1469.73046875
70/30,42,0.1,median,OVO_GD,0.8784685634000703,0.8660171993024806,2.333462000009604,0.27935300004901364,1225.2509765625
70/30,42,0.1,median,Softmax_GD,0.8619599578503688,0.8443470850741264,0.6567329000099562,0.0006308999727480114,3657.7265625
70/30,42,0.1,median,LDA,0.889005971197752,0.8877750957340502,0.005004099977668375,0.5351420000079088,602.6171875
70/30,42,0.1,median,QDA,0.8029504741833509,0.8323618728953137,0.00477669999236241,0.4438704999629408,613.634765625
70/30,42,0.1,median,GNB,0.8893572181243414,0.8946625196476904,0.005464699992444366,0.0020463999826461077,913.8125
70/30,42,0.1,knn,OVR_GD,0.8591499824376537,0.7779725079526176,1.7302360000321642,0.0016162999672815204,1469.73046875
70/30,42,0.1,knn,OVO_GD,0.8970846505093081,0.8932907813179396,2.5114813999971375,0.2806783999549225,1225.2509765625
70/30,42,0.1,knn,Softmax_GD,0.8840885142255005,0.8769673483184045,0.6669744999962859,0.0005880999960936606,3657.7265625
70/30,42,0.1,knn,LDA,0.8991921320688444,0.9145639326829667,0.004065200046170503,0.527767599967774,602.6171875
70/30,42,0.1,knn,QDA,0.890762205830699,0.909231733468465,0.004717200004961342,0.43058949999976903,613.634765625
70/30,42,0.1,knn,GNB,0.8960309097295399,0.9043265177700336,0.005648599995765835,0.0018088000360876322,913.8125
70/30,42,0.2,mean,OVR_GD,0.8299964875307341,0.7417637476472392,1.632811599993147,0.0017681000172160566,1469.73046875
70/30,42,0.2,mean,OVO_GD,0.8570425008781173,0.8379398913141654,2.4564603000180796,0.2775940999854356,1225.2509765625
70/30,42,0.2,mean,Softmax_GD,0.8472075869336143,0.8249178193059483,0.6547542000189424,0.0006200000061653554,3657.7265625
70/30,42,0.2,mean,LDA,0.8658236740428521,0.859667127620317,0.006515599961858243,0.52787009999156,602.6171875
70/30,42,0.2,mean,QDA,0.8605549701440113,0.8701715045143649,0.005685899988748133,0.4555339000071399,613.4599609375
70/30,42,0.2,mean,GNB,0.8805760449596066,0.882196304173161,0.00521240005036816,0.0021413000067695975,913.8125
70/30,42,0.2,median,OVR_GD,0.8303477344573235,0.7418328590008951,1.523539800022263,0.0015015999670140445,1469.73046875
70/30,42,0.2,median,OVO_GD,0.8542325254654022,0.8346026000505049,2.3458815999911167,0.2826270000077784,1226.2197265625
70/30,42,0.2,median,Softmax_GD,0.8422901299613629,0.8184001509540406,0.653858500008937,0.0006135000148788095,3657.7265625
70/30,42,0.2,median,LDA,0.8640674394099052,0.8550843328781547,0.00497230002656579,0.5588817999814637,602.6171875
70/30,42,0.2,median,QDA,0.8587987355110642,0.8681888784963687,0.004867199982982129,0.4362552000093274,613.4970703125
70/30,42,0.2,median,GNB,0.8770635756937126,0.8779654156979783,0.005890600034035742,0.002047399990260601,913.8125
70/30,42,0.2,knn,OVR_GD,0.8584474885844748,0.7826588255393295,1.6131652999902144,0.0015733999898657203,1470.41796875
70/30,42,0.2,knn,OVO_GD,0.8942746750965929,0.88799049014161,2.3565919999964535,0.3389131000149064,1225.2509765625
70/30,42,0.2,knn,Softmax_GD,0.8837372672989111,0.8750372805694292,0.6548443000065163,0.0005852999747730792,3657.7265625
70/30,42,0.2,knn,LDA,0.8967334035827187,0.9115474952684013,0.004139699973165989,0.5274646999896504,602.6171875
70/30,42,0.2,knn,QDA,0.8788198103266597,0.8989812011160446,0.00462710001738742,0.43764429999282584,613.54296875
70/30,42,0.2,knn,GNB,0.8942746750965929,0.9013126953698298,0.00510120001854375,0.0016487999819219112,913.8125
70/30,42,0.3,mean,OVR_GD,0.8106779065683175,0.7210537962120529,1.6158760000253096,0.0016647999873384833,1469.73046875
70/30,42,0.3,mean,OVO_GD,0.8356164383561644,0.8091354616492134,2.352512800018303,0.28009419998852536,1225.2509765625
70/30,42,0.3,mean,Softmax_GD,0.8250790305584826,0.7938976798344634,0.657993400003761,0.0007165000424720347,3657.7265625
70/30,42,0.3,mean,LDA,0.839831401475237,0.8257948109402438,0.005141599976923317,0.5400257000001147,602.6171875
70/30,42,0.3,mean,QDA,0.8784685634000703,0.8815872560836554,0.004615200043190271,0.4353094000252895,613.4052734375
70/30,42,0.3,mean,GNB,0.8781173164734809,0.8812234986263777,0.005975200037937611,0.002056199999060482,913.8125
70/30,42,0.3,median,OVR_GD,0.807516684229013,0.7153950572051777,1.5291820999700576,0.001450300042051822,1469.73046875
70/30,42,0.3,median,OVO_GD,0.835265191429575,0.8071980462550946,2.3526783999986947,0.2778985999757424,1225.2509765625
70/30,42,0.3,median,Softmax_GD,0.8236740428521251,0.7911052241048552,0.6587840000283904,0.0005937999812886119,3657.7265625
70/30,42,0.3,median,LDA,0.8380751668422901,0.8211697828387302,0.004890599986538291,0.5183389000012539,602.6171875
70/30,42,0.3,median,QDA,0.8731998595012294,0.8767792140933687,0.005104500043671578,0.43590799998492,613.689453125
70/30,42,0.3,median,GNB,0.8742536002809975,0.8763908212515988,0.005323899968061596,0.0018823000136762857,913.8125
70/30,42,0.3,knn,OVR_GD,0.8545837723919916,0.7777975117828719,1.629571900004521,0.001582800003234297,1469.73046875
70/30,42,0.3,knn,OVO_GD,0.889005971197752,0.8848657356242079,2.3676000999985263,0.28697109996574,1225.2509765625
70/30,42,0.3,knn,Softmax_GD,0.8781173164734809,0.869718851122699,0.6565114000113681,0.0006143000209704041,3657.7265625
70/30,42,0.3,knn,LDA,0.8949771689497716,0.9083783799351847,0.003922900010365993,0.5248719999799505,602.6171875
70/30,42,0.3,knn,QDA,0.8282402528977871,0.8649411394122147,0.004661700048018247,0.4296422000043094,613.634765625
70/30,42,0.3,knn,GNB,0.8833860203723217,0.8846344783178895,0.0056508000125177205,0.001718499988783151,913.8125
70/30,43,0.1,mean,OVR_GD,0.835265191429575,0.7464297666560598,1.538085800013505,0.001735400001052767,1469.73046875
70/30,43,0.1,mean,OVO_GD,0.8756585879873551,0.8583650584363046,2.407113900000695,0.28128659998765215,1225.2509765625
70/30,43,0.1,mean,Softmax_GD,0.8602037232174219,0.8433479049566067,0.6659611000213772,0.0006008999771438539,3657.7265625
70/30,43,0.1,mean,LDA,0.8861959957850368,0.8881920285347636,0.004215699969790876,0.5159563000197522,602.6171875
70/30,43,0.1,mean,QDA,0.8022479803301721,0.8342160129490218,0.006986299995332956,0.4457791000022553,613.634765625
70/30,43,0.1,mean,GNB,0.8879522304179839,0.8883772917345947,0.0053054000018164515,0.0019244999857619405,913.8125
70/30,43,0.1,median,OVR_GD,0.8345626975763962,0.7454719226623109,1.539325200021267,0.001381399983074516,1469.73046875
70/30,43,0.1,median,OVO_GD,0.8746048472075869,0.8557387626009972,2.399243999971077,0.28607020003255457,1225.2509765625
70/30,43,0.1,median,Softmax_GD,0.8587987355110642,0.8413805545244045,0.6718919000122696,0.0006150999688543379,3657.7265625
70/30,43,0.1,median,LDA,0.8858447488584474,0.887297152619283,0.006815899978391826,0.5127699000295252,602.6171875
70/30,43,0.1,median,QDA,0.8018967334035827,0.8338787327316418,0.004652200033888221,0.4514900000067428,613.689453125
70/30,43,0.1,median,GNB,0.8865472427116263,0.8879333967023816,0.005282099999021739,0.001902199990581721,913.8125
70/30,43,0.1,knn,OVR_GD,0.8489638215665612,0.7701613530015264,1.614855499996338,0.0015522000030614436,1469.73046875
70/30,43,0.1,knn,OVO_GD,0.8939234281700035,0.8845954802331887,2.3582504999940284,0.27887249999912456,1225.2509765625
70/30,43,0.1,knn,Softmax_GD,0.8788198103266597,0.868662639610532,0.6670789999770932,0.0005910000181756914,3657.7265625
70/30,43,0.1,knn,LDA,0.8925184404636459,0.9078154796489039,0.003952600003685802,0.5169138999772258,602.6171875
70/30,43,0.1,knn,QDA,0.8823322795925536,0.8990833003314805,0.004926800029352307,0.4397041000192985,613.689453125
70/30,43,0.1,knn,GNB,0.8900597119775202,0.8974638535045705,0.005468999966979027,0.0017636000411584973,913.8125
70/30,43,0.2,mean,OVR_GD,0.8226203020723568,0.7341627726300424,1.5208937000134028,0.0013648999738506973,1469.73046875
70/30,43,0.2,mean,OVO_GD,0.8566912539515279,0.8340210534662775,2.384573100018315,0.2831462000031024,1225.2509765625
70/30,43,0.2,mean,Softmax_GD,0.8384264137688795,0.8109592376515947,0.6684164000325836,0.0007285999599844217,3657.7265625
70/30,43,0.2,mean,LDA,0.8689848963821567,0.8667573229452857,0.0038778000161983073,0.5336136000114493,602.6171875
70/30,43,0.2,mean,QDA,0.8640674394099052,0.8743694521059544,0.009816000005230308,0.4474396000150591,613.634765625
70/30,43,0.2,mean,GNB,0.882683526519143,0.8834553594408082,0.005934600019827485,0.0019044000073336065,913.8125
70/30,43,0.2,median,OVR_GD,0.8191078328064629,0.7288230525399947,1.5324860999826342,0.0014001000090502203,1469.73046875
70/30,43,0.2,median,OVO_GD,0.8573937478047067,0.8344127295722955,2.409095700015314,0.2757471000077203,1225.2509765625
70/30,43,0.2,median,Softmax_GD,0.8349139445029856,0.806266562361273,0.6635254999855533,0.0006865999894216657,3657.7265625
70/30,43,0.2,median,LDA,0.8682824025289779,0.8648508946582548,0.004502099996898323,0.5232935000094585,602.6171875
70/30,43,0.2,median,QDA,0.86125746399719,0.8716060550512073,0.004705400031525642,0.4369753999635577,613.59765625
70/30,43,0.2,median,GNB,0.8802247980330172,0.8801714088659857,0.005205299996305257,0.001900399976875633,913.8125
70/30,43,0.2,knn,OVR_GD,0.8500175623463295,0.7714306834983055,1.6180523000075482,0.0015532999532297254,1469.73046875
70/30,43,0.2,knn,OVO_GD,0.890762205830699,0.879731997489544,2.379174100002274,0.28201159997843206,1225.2509765625
70/30,43,0.2,knn,Softmax_GD,0.8802247980330172,0.8709006582229794,0.6619299000012688,0.0005793999880552292,3657.7265625
70/30,43,0.2,knn,LDA,0.8932209343168247,0.9073066250189928,0.00409520004177466,0.5371145000099204,602.6171875
70/30,43,0.2,knn,QDA,0.8858447488584474,0.9041579579128779,0.004608899995218962,0.43406549998326227,613.689453125
70/30,43,0.2,knn,GNB,0.8876009834913945,0.8945444100679502,0.005290100001730025,0.0019000000320374966,913.8125
70/30,43,0.3,mean,OVR_GD,0.8001404987706358,0.7068810077718666,1.5266346000134945,0.0013692000065930188,1469.73046875
70/30,43,0.3,mean,OVO_GD,0.8321039690902705,0.8092236679446507,2.3742709000362083,0.27951879997272044,1225.2509765625
70/30,43,0.3,mean,Softmax_GD,0.8124341412012644,0.7819584370432537,0.6736597000272013,0.0007746000192128122,3657.7265625
70/30,43,0.3,mean,LDA,0.8384264137688795,0.8342658030783462,0.004097800003364682,0.5315097999991849,602.6171875
70/30,43,0.3,mean,QDA,0.8756585879873551,0.8811804888070488,0.007970299979206175,0.44162390002748,613.4599609375
70/30,43,0.3,mean,GNB,0.8742536002809975,0.8715205196508397,0.005303799989633262,0.0021268000127747655,913.8125
70/30,43,0.3,median,OVR_GD,0.7990867579908676,0.705397521668874,1.6163609999930486,0.0015286999987438321,1469.73046875
70/30,43,0.3,median,OVO_GD,0.8324552160168599,0.8074776220784897,2.50375560001703,0.287268900021445,1225.2509765625
70/30,43,0.3,median,Softmax_GD,0.8117316473480857,0.7801794847460666,0.710498100030236,0.0005782999796792865,3657.7265625
70/30,43,0.3,median,LDA,0.8356164383561644,0.8283044536710783,0.004078500031027943,0.546044000016991,602.6171875
70/30,43,0.3,median,QDA,0.8749560941341763,0.8802202445379733,0.008807700010947883,0.43880039994837716,613.451171875
70/30,43,0.3,median,GNB,0.8724973656480506,0.8695171285568185,0.0053485999815166,0.0019114000024273992,913.8125
70/30,43,0.3,knn,OVR_GD,0.8475588338602037,0.765337830797615,1.6187374999863096,0.0015776000218465924,1469.73046875
70/30,43,0.3,knn,OVO_GD,0.8823322795925536,0.8739953344484216,2.3554328000172973,0.28095080005005,1225.2509765625
70/30,43,0.3,knn,Softmax_GD,0.8739023533544081,0.8649607549842157,0.6566845999914221,0.0006519000162370503,3657.7265625
70/30,43,0.3,knn,LDA,0.8949771689497716,0.9057148364063103,0.004213400010485202,0.5106779000489041,602.6171875
70/30,43,0.3,knn,QDA,0.8545837723919916,0.8706040437150249,0.0047157000517472625,0.4345661000115797,613.4599609375
70/30,43,0.3,knn,GNB,0.8802247980330172,0.882534354667497,0.005253300012554973,0.001763800042681396,913.8125
70/30,44,0.1,mean,OVR_GD,0.8405338953284158,0.7537947515977826,1.528447100019548,0.001731799973640591,1470.41796875
70/30,44,0.1,mean,OVO_GD,0.8788198103266597,0.8604264442758763,2.3576406000065617,0.2838640000554733,1225.2509765625
70/30,44,0.1,mean,Softmax_GD,0.8591499824376537,0.8396417842018618,0.6675613999832422,0.0006883000023663044,3657.7265625
70/30,44,0.1,mean,LDA,0.8876009834913945,0.8827812098141793,0.0040954999858513474,0.5232621000031941,602.6171875
70/30,44,0.1,mean,QDA,0.7934668071654373,0.8192780152351304,0.004775299981702119,0.45285750000039116,613.4970703125
70/30,44,0.1,mean,GNB,0.8935721812434141,0.8945909993165587,0.00531460001366213,0.002152999979443848,913.8125
70/30,44,0.1,median,OVR_GD,0.839831401475237,0.7524220715821216,1.5180801999522373,0.0013626000145450234,1469.73046875
70/30,44,0.1,median,OVO_GD,0.8788198103266597,0.8606794328714271,2.354282900050748,0.28229119995376095,1225.2509765625
70/30,44,0.1,median,Softmax_GD,0.8595012293642431,0.8400171330405747,0.6663691999856383,0.0006582000060006976,3657.7265625
70/30,44,0.1,median,LDA,0.8872497365648051,0.8822898222281867,0.006877299980260432,0.5209465000079945,602.6171875
70/30,44,0.1,median,QDA,0.7910080786793116,0.8165942147832076,0.006049599964171648,0.4571838999981992,613.4052734375
70/30,44,0.1,median,GNB,0.8918159466104671,0.8918686626335528,0.0056287000188604,0.0020235999836586416,913.8125
70/30,44,0.1,knn,OVR_GD,0.8563400070249385,0.7762847041509041,1.615010900015477,0.0015646999818272889,1469.73046875
70/30,44,0.1,knn,OVO_GD,0.8974358974358975,0.8870533122506272,2.3823301999946125,0.2732038999674842,1225.2509765625
70/30,44,0.1,knn,Softmax_GD,0.8816297857393748,0.8689385115335282,0.7218462000018917,0.0006852000369690359,3658.6953125
70/30,44,0.1,knn,LDA,0.8998946259220232,0.9133613444024364,0.004358000005595386,0.5190118000027724,602.6171875
70/30,44,0.1,knn,QDA,0.8823322795925536,0.9016422824605284,0.005534500000067055,0.44939689995953813,613.4052734375
70/30,44,0.1,knn,GNB,0.9041095890410958,0.9102838019885021,0.005078499962110072,0.0016797000425867736,913.8125
70/30,44,0.2,mean,OVR_GD,0.827186512118019,0.7360076691519305,1.6360859000124037,0.0016027999809011817,1469.73046875
70/30,44,0.2,mean,OVO_GD,0.8602037232174219,0.8367935631634695,2.479585200024303,0.27871159999631345,1225.2509765625
70/30,44,0.2,mean,Softmax_GD,0.8436951176677204,0.8175858965794427,0.7218809999758378,0.0006565999938175082,3657.7265625
70/30,44,0.2,mean,LDA,0.8700386371619249,0.8577520216946656,0.007371900021098554,0.5298523000092246,602.6171875
70/30,44,0.2,mean,QDA,0.8595012293642431,0.8667295770452076,0.004812600032892078,0.4545677999849431,613.4599609375
70/30,44,0.2,mean,GNB,0.8858447488584474,0.8852687137968945,0.005356300040148199,0.001953299972228706,913.8125
70/30,44,0.2,median,OVR_GD,0.8257815244116614,0.7322278136262199,1.5834671999909915,0.0013865000219084322,1469.73046875
70/30,44,0.2,median,OVO_GD,0.8591499824376537,0.8350565590453033,2.4267515999963507,0.2808703999617137,1225.9384765625
70/30,44,0.2,median,Softmax_GD,0.8429926238145417,0.8145209634028812,0.677886999968905,0.0017397000337950885,3657.7265625
70/30,44,0.2,median,LDA,0.8689848963821567,0.8550605703082353,0.00488040002528578,0.52467399998568,602.6171875
70/30,44,0.2,median,QDA,0.8528275377590446,0.860995589524042,0.005577699979767203,0.44984260003548115,613.4052734375
70/30,44,0.2,median,GNB,0.882683526519143,0.8823523674341052,0.005210500035900623,0.001984399976208806,913.8125
70/30,44,0.2,knn,OVR_GD,0.8538812785388128,0.7704692320348243,1.6121865999884903,0.0015605000080540776,1470.41796875
70/30,44,0.2,knn,OVO_GD,0.8925184404636459,0.8800151717767105,2.3480880999704823,0.2785541000193916,1225.2509765625
70/30,44,0.2,knn,Softmax_GD,0.8795223041798385,0.8674567780080399,0.6568659999757074,0.0005887000006623566,3657.7265625
70/30,44,0.2,knn,LDA,0.8974358974358975,0.9103550875481253,0.004049999988637865,0.5226956999977119,602.6171875
70/30,44,0.2,knn,QDA,0.8798735511064278,0.8983577432788088,0.007442600035574287,0.4554128999589011,613.451171875
70/30,44,0.2,knn,GNB,0.8984896382156656,0.902580977940984,0.005045899946708232,0.0016479000332765281,913.8125
70/30,44,0.3,mean,OVR_GD,0.8025992272567615,0.7174419408474814,1.5266289999708533,0.0014989000046625733,1469.73046875
70/30,44,0.3,mean,OVO_GD,0.8306989813839128,0.8017354132569422,2.4148007999756373,0.2838249999913387,1225.2509765625
70/30,44,0.3,mean,Softmax_GD,0.8131366350544432,0.7819273002838097,0.664072799962014,0.0006470000371336937,3658.4140625
70/30,44,0.3,mean,LDA,0.8426413768879523,0.8294384350050186,0.004714699985925108,0.5178713999921456,602.6171875
70/30,44,0.3,mean,QDA,0.8753073410607657,0.8745037992697727,0.006405099993571639,0.44299809995573014,613.451171875
70/30,44,0.3,mean,GNB,0.8689848963821567,0.8655756337012386,0.005474499950651079,0.0020899000228382647,913.8125
70/30,44,0.3,median,OVR_GD,0.8022479803301721,0.7160714427025899,1.5112631000229158,0.001423100009560585,1469.73046875
70/30,44,0.3,median,OVO_GD,0.8303477344573235,0.799991632326873,2.351099699968472,0.2842199000297114,1225.2509765625
70/30,44,0.3,median,Softmax_GD,0.8131366350544432,0.7798677776902441,0.6662755000288598,0.0006806000019423664,3657.7265625
70/30,44,0.3,median,LDA,0.8405338953284158,0.8257706511569113,0.003913900000043213,0.5229252999997698,602.6171875
70/30,44,0.3,median,QDA,0.867579908675799,0.8678865178595646,0.0047330999514088035,0.45284330000868067,613.4599609375
70/30,44,0.3,median,GNB,0.867579908675799,0.86381724645983,0.005459900014102459,0.0020738000166602433,913.8125
70/30,44,0.3,knn,OVR_GD,0.8517737969792765,0.7748309246579302,1.6571552000241354,0.0015753000043332577,1469.73046875
70/30,44,0.3,knn,OVO_GD,0.8868984896382157,0.8758209769946574,2.393871800042689,0.2779350999626331,1225.2509765625
70/30,44,0.3,knn,Softmax_GD,0.8717948717948718,0.8592531639810411,0.6645699000218883,0.0005815000040456653,3658.4140625
70/30,44,0.3,knn,LDA,0.8946259220231823,0.9042034069403015,0.004926599969621748,0.5173862000228837,602.6171875
70/30,44,0.3,knn,QDA,0.8366701791359326,0.8602055186929262,0.004597499966621399,0.449584300047718,613.4970703125
70/30,44,0.3,knn,GNB,0.8911134527572884,0.8917926265480286,0.005137900006957352,0.0015598999452777207,913.8125
70/30,45,0.1,mean,OVR_GD,0.8363189322093432,0.7623836995015021,1.6696915999636985,0.0017422999953851104,1469.73046875
70/30,45,0.1,mean,OVO_GD,0.8731998595012294,0.8617406314766203,2.3578951999661513,0.27807130001019686,1225.2509765625
70/30,45,0.1,mean,Softmax_GD,0.8584474885844748,0.8419124713850424,0.6591637000092305,0.0005946999881416559,3658.4140625
70/30,45,0.1,mean,LDA,0.8876009834913945,0.8920669788914992,0.004165999998804182,0.5233678999939002,602.6171875
70/30,45,0.1,mean,QDA,0.8008429926238145,0.83357116916105,0.004902700020466,0.43993809999665245,613.451171875
70/30,45,0.1,mean,GNB,0.8893572181243414,0.8954595928961158,0.005926300014834851,0.0020200000144541264,913.8125
70/30,45,0.1,median,OVR_GD,0.8366701791359326,0.760630559788927,1.5248522000038065,0.0015269999857991934,1469.73046875
70/30,45,0.1,median,OVO_GD,0.8749560941341763,0.8627734693652832,2.42427320004208,0.28128019999712706,1225.2509765625
70/30,45,0.1,median,Softmax_GD,0.8587987355110642,0.8419415027784872,0.658684300025925,0.0005949999904260039,3657.7265625
70/30,45,0.1,median,LDA,0.8872497365648051,0.8906675058219803,0.004193600034341216,0.5181274999631569,602.6171875
70/30,45,0.1,median,QDA,0.7962767825781525,0.8301998717808491,0.004963000013958663,0.43202330003259704,613.505859375
70/30,45,0.1,median,GNB,0.8883034773445733,0.893976783739374,0.005340400035493076,0.002027600014116615,913.8125
70/30,45,0.1,knn,OVR_GD,0.8514225500526871,0.7793404370960137,1.6168229000177234,0.002031699987128377,1469.73046875
70/30,45,0.1,knn,OVO_GD,0.8928696873902353,0.8907336983359416,2.4581025000079535,0.2782981999916956,1225.2509765625
70/30,45,0.1,knn,Softmax_GD,0.8788198103266597,0.8730769673161525,0.6571938999695703,0.0005937000387348235,3657.7265625
70/30,45,0.1,knn,LDA,0.8998946259220232,0.9183006340695146,0.003974199993535876,0.5443231000099331,602.6171875
70/30,45,0.1,knn,QDA,0.8784685634000703,0.8993084583580879,0.004888499970547855,0.4370752000249922,613.689453125
70/30,45,0.1,knn,GNB,0.8939234281700035,0.9017403481076733,0.005644800025038421,0.0017722000484354794,913.8125
70/30,45,0.2,mean,OVR_GD,0.8226203020723568,0.7447379013340161,1.5355227999971248,0.0016052999999374151,1469.73046875
70/30,45,0.2,mean,OVO_GD,0.8587987355110642,0.8453795956580146,2.3561975000193343,0.287619500013534,1225.9384765625
70/30,45,0.2,mean,Softmax_GD,0.8359676852827538,0.8156277933630639,0.6691186000243761,0.0005971999489702284,3657.7265625
70/30,45,0.2,mean,LDA,0.8714436248682824,0.8726685707229264,0.004036800004541874,0.5214691000292078,602.6171875
70/30,45,0.2,mean,QDA,0.8566912539515279,0.8695697082389123,0.004781499970704317,0.439497500017751,613.451171875
70/30,45,0.2,mean,GNB,0.8788198103266597,0.8819724702395837,0.005500800034496933,0.0019810000085271895,913.8125
70/30,45,0.2,median,OVR_GD,0.8198103266596417,0.7397641113368728,1.519684099999722,0.0016813999973237514,1469.73046875
70/30,45,0.2,median,OVO_GD,0.8580962416578855,0.8432528376298161,2.348552900017239,0.2799896000069566,1225.2509765625
70/30,45,0.2,median,Softmax_GD,0.8377239199157007,0.8161141471319375,0.6682535000145435,0.0007469999836757779,3657.7265625
70/30,45,0.2,median,LDA,0.8696873902353355,0.8687899244811405,0.005548899993300438,0.5859728999785148,602.6171875
70/30,45,0.2,median,QDA,0.8500175623463295,0.8628645563849899,0.005459400010295212,0.4408955000108108,613.505859375
70/30,45,0.2,median,GNB,0.8774148226203021,0.8803960529590232,0.005881900025997311,0.002296999969985336,913.8125
70/30,45,0.2,knn,OVR_GD,0.8521250439058659,0.7798534814552343,1.623021700012032,0.001788599998690188,1469.73046875
70/30,45,0.2,knn,OVO_GD,0.8886547242711627,0.8870661764329205,2.3691552000236697,0.27780399995390326,1225.2509765625
70/30,45,0.2,knn,Softmax_GD,0.87284861257464,0.8683156737591757,0.656591099977959,0.0005933999782428145,3657.7265625
70/30,45,0.2,knn,LDA,0.8928696873902353,0.9100302600060644,0.004707299987785518,0.5288465999765322,602.6171875
70/30,45,0.2,knn,QDA,0.8626624517035476,0.8845713898168839,0.004650499962735921,0.43742670002393425,613.634765625
70/30,45,0.2,knn,GNB,0.8918159466104671,0.8988774140127277,0.00557380000827834,0.001652900013141334,913.8125
70/30,45,0.3,mean,OVR_GD,0.8071654373024236,0.7205752086827212,1.5204519999679178,0.00145650003105402,1469.73046875
70/30,45,0.3,mean,OVO_GD,0.839831401475237,0.8192917044691734,2.3373776999651454,0.27186119998805225,1225.2509765625
70/30,45,0.3,mean,Softmax_GD,0.8177028451001054,0.7916935664198493,0.6644856999628246,0.0007509000133723021,3657.7265625
70/30,45,0.3,mean,LDA,0.8419388830347735,0.8310506836298419,0.006957500008866191,0.5419133999967016,602.6171875
70/30,45,0.3,mean,QDA,0.8739023533544081,0.8759578057760412,0.00488329998916015,0.43778509995900095,613.689453125
70/30,45,0.3,mean,GNB,0.8721461187214612,0.872241492328529,0.00513669999781996,0.0020119999535381794,913.8125
70/30,45,0.3,median,OVR_GD,0.8068141903758342,0.7196217298634798,1.5451417000149377,0.0017030999879352748,1469.73046875
70/30,45,0.3,median,OVO_GD,0.837021426062522,0.8140019941255838,2.360149599961005,0.2786052000010386,1225.2509765625
70/30,45,0.3,median,Softmax_GD,0.8148928696873903,0.7879215567638447,0.6727411999600008,0.0006084000342525542,3657.7265625
70/30,45,0.3,median,LDA,0.8405338953284158,0.8287280030890344,0.004243600007612258,0.5265904000261799,602.6171875
70/30,45,0.3,median,QDA,0.8651211801896733,0.8672177843967112,0.004899799998383969,0.4323370000347495,613.4052734375
70/30,45,0.3,median,GNB,0.8689848963821567,0.8671670809327957,0.005386499979067594,0.0018921999726444483,913.8125
70/30,45,0.3,knn,OVR_GD,0.8426413768879523,0.770465358399595,1.6729537000064738,0.0016045999946072698,1469.73046875
70/30,45,0.3,knn,OVO_GD,0.882683526519143,0.8797149639222708,2.406832399952691,0.2791820000275038,1225.2509765625
70/30,45,0.3,knn,Softmax_GD,0.8693361433087461,0.8623793168514645,0.6575549999834038,0.000624600041192025,3657.7265625
70/30,45,0.3,knn,LDA,0.8861959957850368,0.8967376211607371,0.004253099963534623,0.527877599990461,602.6171875
70/30,45,0.3,knn,QDA,0.8306989813839128,0.8603186439775486,0.0046184000093489885,0.43624949996592477,613.4599609375
70/30,45,0.3,knn,GNB,0.8819810326659642,0.8856346656914231,0.00574709998909384,0.0017472999752499163,913.8125
70/30,46,0.1,mean,OVR_GD,0.8468563400070249,0.7522582113621982,1.5341518999775872,0.0013800000306218863,1469.73046875
70/30,46,0.1,mean,OVO_GD,0.8851422550052687,0.8757175217325205,2.354825200047344,0.276306800020393,1225.2509765625
70/30,46,0.1,mean,Softmax_GD,0.8703898840885143,0.8548615819277912,0.6639842999866232,0.0006046000053174794,3657.7265625
70/30,46,0.1,mean,LDA,0.8897084650509308,0.8922735383087298,0.00411750003695488,0.5149707000236958,602.6171875
70/30,46,0.1,mean,QDA,0.7924130663856691,0.8240196156492671,0.004678800003603101,0.43679440004052594,613.4599609375
70/30,46,0.1,mean,GNB,0.8911134527572884,0.8965327239951141,0.005776399979367852,0.0020548999891616404,913.8125
70/30,46,0.1,median,OVR_GD,0.8468563400070249,0.7505935071624111,1.5290355999604799,0.0014728999813087285,1469.73046875
70/30,46,0.1,median,OVO_GD,0.885493501931858,0.8760984059694784,2.345697199983988,0.2884648999897763,1225.2509765625
70/30,46,0.1,median,Softmax_GD,0.8686336494555673,0.8522060231299541,0.6628627000027336,0.0006008000345900655,3657.7265625
70/30,46,0.1,median,LDA,0.8893572181243414,0.8918184680493734,0.004115800024010241,0.5270095999585465,602.6171875
70/30,46,0.1,median,QDA,0.7934668071654373,0.8261501794884399,0.005283000005874783,0.43599389999872074,613.4970703125
70/30,46,0.1,median,GNB,0.8900597119775202,0.8948336143473782,0.005449599993880838,0.002042100008111447,913.8125
70/30,46,0.1,knn,OVR_GD,0.8661749209694415,0.7778025400976014,1.604913699964527,0.0015891999937593937,1469.73046875
70/30,46,0.1,knn,OVO_GD,0.9023533544081489,0.8987303556124554,2.3644350999966264,0.2853917999891564,1225.2509765625
70/30,46,0.1,knn,Softmax_GD,0.8876009834913945,0.8819817909387897,0.6553144999779761,0.0005824000108987093,3658.4140625
70/30,46,0.1,knn,LDA,0.8921671935370565,0.9097944305440256,0.004037000006064773,0.5386031999951228,602.6171875
70/30,46,0.1,knn,QDA,0.8823322795925536,0.903000898075229,0.004795299959369004,0.4380682000191882,613.634765625
70/30,46,0.1,knn,GNB,0.8932209343168247,0.9041117565090148,0.005598800024017692,0.001624799973797053,913.8125
70/30,46,0.2,mean,OVR_GD,0.8366701791359326,0.7444614174837298,1.5287844999693334,0.0016147000133059919,1469.73046875
70/30,46,0.2,mean,OVO_GD,0.87284861257464,0.858509019556588,2.405999000009615,0.2808733999845572,1225.2509765625
70/30,46,0.2,mean,Softmax_GD,0.8584474885844748,0.8377951255163006,0.6659494999912567,0.0006824999582022429,3657.7265625
70/30,46,0.2,mean,LDA,0.8707411310151036,0.872501365845295,0.005073999986052513,0.534980500000529,602.6171875
70/30,46,0.2,mean,QDA,0.8595012293642431,0.8756565529129486,0.00490699999500066,0.43496839998988435,613.689453125
70/30,46,0.2,mean,GNB,0.8865472427116263,0.8884855788297276,0.005280699988361448,0.0019308000337332487,913.8125
70/30,46,0.2,median,OVR_GD,0.8359676852827538,0.7400213569023854,1.569243700010702,0.0017927999724633992,1469.73046875
70/30,46,0.2,median,OVO_GD,0.87284861257464,0.8561181494634201,2.4819440999999642,0.2805778000038117,1225.9384765625
70/30,46,0.2,median,Softmax_GD,0.8584474885844748,0.8374881565809967,0.6575416999985464,0.0005959999980404973,3657.7265625
70/30,46,0.2,median,LDA,0.8665261678960309,0.8669958937529183,0.004651399969588965,0.5250189999933355,602.6171875
70/30,46,0.2,median,QDA,0.8556375131717597,0.8740075558648203,0.0055689000291749835,0.44565519999014214,613.4052734375
70/30,46,0.2,median,GNB,0.882683526519143,0.885386275679725,0.0055111999972723424,0.0019899000180885196,913.8125
70/30,46,0.2,knn,OVR_GD,0.8640674394099052,0.7822622930703533,1.6155672000022605,0.001949199999216944,1470.46484375
70/30,46,0.2,knn,OVO_GD,0.9020021074815595,0.8984822747524184,2.3616533000022173,0.281317199987825,1225.2509765625
70/30,46,0.2,knn,Softmax_GD,0.8893572181243414,0.8829695225930206,0.6605485999607481,0.0006915000267326832,3657.7265625
70/30,46,0.2,knn,LDA,0.8918159466104671,0.9072210609854052,0.004682899976614863,0.5280639000120573,602.6171875
70/30,46,0.2,knn,QDA,0.8746048472075869,0.8959893844761624,0.004915800003800541,0.4446542999939993,613.451171875
70/30,46,0.2,knn,GNB,0.8921671935370565,0.901996956240393,0.005231700022704899,0.0017367999535053968,913.8125
70/30,46,0.3,mean,OVR_GD,0.8162978573937478,0.7223719019715213,1.5209825000492856,0.001382900052703917,1469.73046875
70/30,46,0.3,mean,OVO_GD,0.8440463645943098,0.8234642483130915,2.3762850999482907,0.2786764000193216,1225.2509765625
70/30,46,0.3,mean,Softmax_GD,0.8299964875307341,0.8022743186220594,0.6652582000242546,0.0006123999482952058,3658.4140625
70/30,46,0.3,mean,LDA,0.835265191429575,0.8251563458036293,0.004035399993881583,0.5214275000034831,602.6171875
70/30,46,0.3,mean,QDA,0.8784685634000703,0.8849485590239368,0.004555100051220506,0.44394530000863597,613.54296875
70/30,46,0.3,mean,GNB,0.8682824025289779,0.8669419601791984,0.005241699982434511,0.0018942999886348844,913.8125
70/30,46,0.3,median,OVR_GD,0.8159466104671584,0.7281889032937671,1.5867107000085525,0.0014069000026211143,1469.73046875
70/30,46,0.3,median,OVO_GD,0.8391289076220583,0.8167119801453016,2.351555900007952,0.2782875000266358,1225.2509765625
70/30,46,0.3,median,Softmax_GD,0.827186512118019,0.797270681044484,0.6593603999936022,0.0006473999819718301,3657.7265625
70/30,46,0.3,median,LDA,0.8324552160168599,0.820417148017676,0.004118199984077364,0.5115308999666013,602.6171875
70/30,46,0.3,median,QDA,0.8746048472075869,0.8798205655253437,0.004667499975766987,0.4413326000212692,613.505859375
70/30,46,0.3,median,GNB,0.8661749209694415,0.8655183085459722,0.005716799991205335,0.00198529998306185,913.8125
70/30,46,0.3,knn,OVR_GD,0.8559887600983491,0.7712310137146234,1.6184373999712989,0.0014703000197187066,1469.73046875
70/30,46,0.3,knn,OVO_GD,0.8935721812434141,0.8910186120575535,2.3601999999955297,0.28381339996121824,1225.2509765625
70/30,46,0.3,knn,Softmax_GD,0.8805760449596066,0.8738968964460098,0.6561900000087917,0.0006468999781645834,3658.4140625
70/30,46,0.3,knn,LDA,0.8879522304179839,0.8991171121988657,0.004939400008879602,0.5487058999715373,602.6171875
70/30,46,0.3,knn,QDA,0.8461538461538461,0.8662823064900096,0.005495999997947365,0.4458293000352569,613.451171875
70/30,46,0.3,knn,GNB,0.8840885142255005,0.8877913019221754,0.00544650002848357,0.0017446000128984451,913.8125
80/20,42,0.1,mean,OVR_GD,0.8409689310163244,0.7595768141285316,1.7482102999929339,0.0014350999845191836,1665.99609375
80/20,42,0.1,mean,OVO_GD,0.8788836229594523,0.8637562466658293,2.5465646000229754,0.19273169996449724,1373.3291015625
80/20,42,0.1,mean,Softmax_GD,0.8604528699315429,0.8388328768113736,0.7548896999796852,0.0004988000146113336,4168.7578125
80/20,42,0.1,mean,LDA,0.8883622959452343,0.8908101307807298,0.004507499979808927,0.3519126999890432,678.8671875
80/20,42,0.1,mean,QDA,0.8088467614533965,0.8345299016407826,0.005219199985731393,0.29631939996033907,689.939453125
80/20,42,0.1,mean,GNB,0.8883622959452343,0.8913553284413677,0.00582119997125119,0.001494700030889362,1015.2734375
80/20,42,0.1,median,OVR_GD,0.8430753027909426,0.7612845973492927,1.7702380000264384,0.001269000000320375,1665.99609375
80/20,42,0.1,median,OVO_GD,0.8794102159031069,0.8631027649223648,2.592079400026705,0.18274909997126088,1373.3291015625
80/20,42,0.1,median,Softmax_GD,0.8593996840442338,0.8375171993994783,0.749712799966801,0.00048699998296797276,4168.7578125
80/20,42,0.1,median,LDA,0.8888888888888888,0.8905318931539286,0.00812960002804175,0.37274090002756566,678.8671875
80/20,42,0.1,median,QDA,0.8051606108478147,0.8312798561775097,0.006074799981433898,0.292016799969133,689.939453125
80/20,42,0.1,median,GNB,0.8894154818325435,0.8919793101412481,0.006163200014270842,0.0015738000511191785,1015.2734375
80/20,42,0.1,knn,OVR_GD,0.8588730911005793,0.7813006674427347,1.7097829999984242,0.0012011000071652234,1665.99609375
80/20,42,0.1,knn,OVO_GD,0.8957345971563981,0.8905546140562919,2.428162499971222,0.19338269997388124,1373.3291015625
80/20,42,0.1,knn,Softmax_GD,0.8809899947340706,0.8723166370966631,0.7348959000082687,0.00045029999455437064,4168.7578125
80/20,42,0.1,knn,LDA,0.9031068983675619,0.9184538511128644,0.004836399981286377,0.3490311999921687,678.8671875
80/20,42,0.1,knn,QDA,0.8936282253817799,0.9111459884697243,0.00530120002804324,0.2931411999743432,689.939453125
80/20,42,0.1,knn,GNB,0.9010005265929436,0.909435663683291,0.006180999975185841,0.0014651999808847904,1015.2734375
80/20,42,0.2,mean,OVR_GD,0.8262243285939969,0.739496000287138,1.6143504999927245,0.0011498000239953399,1665.99609375
80/20,42,0.2,mean,OVO_GD,0.8583464981569247,0.8408363880926218,2.4698569999891333,0.18730430002324283,1373.3291015625
80/20,42,0.2,mean,Softmax_GD,0.8383359662980516,0.8147452034545042,0.7814542999840342,0.00046710000606253743,4168.7578125
80/20,42,0.2,mean,LDA,0.8688783570300158,0.869392564300414,0.005196699989028275,0.3482738999882713,678.8671875
80/20,42,0.2,mean,QDA,0.8551869404949973,0.8676725232361421,0.007882400008384138,0.2964293999830261,689.884765625
80/20,42,0.2,mean,GNB,0.8820431806213797,0.8847677649533308,0.0059352999669499695,0.0014942000270821154,1015.2734375
80/20,42,0.2,median,OVR_GD,0.8235913638757241,0.7392675673455685,1.7042635999969207,0.0011903999838978052,1665.99609375
80/20,42,0.2,median,OVO_GD,0.8578199052132701,0.8394159469777084,2.4411106999614276,0.1876130000455305,1373.3291015625
80/20,42,0.2,median,Softmax_GD,0.8367561874670879,0.8113327481119281,0.7408506000065245,0.0004569999873638153,4168.7578125
80/20,42,0.2,median,LDA,0.8699315429173249,0.8689684639047753,0.004572199948597699,0.3441127000260167,678.8671875
80/20,42,0.2,median,QDA,0.8551869404949973,0.8672526678831319,0.008791100000962615,0.29098719998728484,689.939453125
80/20,42,0.2,median,GNB,0.8809899947340706,0.882739573882808,0.005918699956964701,0.0015404000296257436,1015.2734375
80/20,42,0.2,knn,OVR_GD,0.8593996840442338,0.7839214667458918,1.7011220999993384,0.0011998999980278313,1665.99609375
80/20,42,0.2,knn,OVO_GD,0.8931016324381253,0.8871563635319585,2.430609699978959,0.18765189999248832,1373.3291015625
80/20,42,0.2,knn,Softmax_GD,0.8825697735650342,0.8741687738445268,0.745538699964527,0.0005336999893188477,4168.7578125
80/20,42,0.2,knn,LDA,0.8925750394944708,0.9065965167263341,0.0046252000029198825,0.35300169995753095,678.8671875
80/20,42,0.2,knn,QDA,0.8841495523959979,0.9050548279980425,0.005265499989036471,0.2935643999953754,690.3427734375
80/20,42,0.2,knn,GNB,0.8973143759873617,0.9023189468402097,0.005992299993522465,0.0013649999746121466,1015.2734375
80/20,42,0.3,mean,OVR_GD,0.8041074249605056,0.7133129183838787,1.6280442000133917,0.0012314000050537288,1665.99609375
80/20,42,0.3,mean,OVO_GD,0.8378093733543971,0.8126199493160751,2.4328516999958083,0.1829515999997966,1373.3291015625
80/20,42,0.3,mean,Softmax_GD,0.8088467614533965,0.7743689664832244,0.7424313999945298,0.0005323999794200063,4168.7578125
80/20,42,0.3,mean,LDA,0.8378093733543971,0.8252105703436605,0.005366700002923608,0.36062450002646074,678.8671875
80/20,42,0.3,mean,QDA,0.8751974723538705,0.8779215587092447,0.010990999988280237,0.29621190001489595,689.939453125
80/20,42,0.3,mean,GNB,0.8778304370721433,0.8753514554473408,0.00649830000475049,0.0016163000254891813,1015.2734375
80/20,42,0.3,median,OVR_GD,0.8046340179041601,0.7137149826532527,1.6347667000372894,0.0012235000031068921,1665.99609375
80/20,42,0.3,median,OVO_GD,0.8388625592417062,0.8114357909645857,2.423207400017418,0.18822389998240396,1373.3291015625
80/20,42,0.3,median,Softmax_GD,0.808320168509742,0.7727546320607758,0.7442938999738544,0.00046030001249164343,4168.7578125
80/20,42,0.3,median,LDA,0.8351764086361243,0.8201579762096834,0.004351800016593188,0.35299649997614324,678.8671875
80/20,42,0.3,median,QDA,0.8720379146919431,0.8755884913544145,0.006882399960886687,0.3076114000286907,689.701171875
80/20,42,0.3,median,GNB,0.8767772511848341,0.8757442394897027,0.0060254999552853405,0.0015926000196486712,1015.2734375
80/20,42,0.3,knn,OVR_GD,0.856766719325961,0.7778974989978437,1.79483299999265,0.001534000039100647,1665.99609375
80/20,42,0.3,knn,OVO_GD,0.8941548183254344,0.887464462531307,2.623227100004442,0.18995400000130758,1373.3291015625
80/20,42,0.3,knn,Softmax_GD,0.8815165876777251,0.8725665011066343,0.7626541000208817,0.00045039999531582,4168.7578125
80/20,42,0.3,knn,LDA,0.8967877830437072,0.9061172774780806,0.0045763999805785716,0.35967099998379126,678.8671875
80/20,42,0.3,knn,QDA,0.8599262769878884,0.878777396208611,0.005796400015242398,0.2990011000074446,689.755859375
80/20,42,0.3,knn,GNB,0.8873091100579252,0.8864561831282732,0.006263200019020587,0.0012596999877132475,1015.2734375
80/20,43,0.1,mean,OVR_GD,0.8383359662980516,0.7548423000283883,1.6479739000205882,0.0014117999817244709,1665.99609375
80/20,43,0.1,mean,OVO_GD,0.8751974723538705,0.8583780130078557,2.497166400018614,0.18574340001214296,1373.3291015625
80/20,43,0.1,mean,Softmax_GD,0.8625592417061612,0.843201707615301,0.7430759000126272,0.0004555999767035246,4168.7578125
80/20,43,0.1,mean,LDA,0.8836229594523434,0.8867262976794273,0.0048479000106453896,0.34945560002233833,678.8671875
80/20,43,0.1,mean,QDA,0.7951553449183781,0.8233815421509113,0.005187799979466945,0.29956070001935586,689.755859375
80/20,43,0.1,mean,GNB,0.8788836229594523,0.8837875077897125,0.005808799993246794,0.001678300031926483,1015.2734375
80/20,43,0.1,median,OVR_GD,0.8367561874670879,0.7532154531931431,1.6529967000242323,0.0011577000259421766,1665.99609375
80/20,43,0.1,median,OVO_GD,0.875724065297525,0.8588295407069289,2.4682150000007823,0.18498550000367686,1374.0166015625
80/20,43,0.1,median,Softmax_GD,0.861506055818852,0.8418260636703213,0.742446199990809,0.0004493999877013266,4168.7578125
80/20,43,0.1,median,LDA,0.8820431806213797,0.8834678848208649,0.00455589999910444,0.36154950002674013,678.8671875
80/20,43,0.1,median,QDA,0.7867298578199052,0.8153214842843888,0.005496300000231713,0.29234460002044216,689.884765625
80/20,43,0.1,median,GNB,0.8794102159031069,0.8837367901690902,0.006042600027285516,0.0016586000565439463,1015.2734375
80/20,43,0.1,knn,OVR_GD,0.8467614533965245,0.7672918890315621,1.7391510999877937,0.0012103000190109015,1665.99609375
80/20,43,0.1,knn,OVO_GD,0.8888888888888888,0.8791817778233061,2.433334000001196,0.18878169998060912,1374.0166015625
80/20,43,0.1,knn,Softmax_GD,0.8783570300157978,0.8679285049567145,0.7394301000167616,0.0004488999838940799,4168.7578125
80/20,43,0.1,knn,LDA,0.8962611901000527,0.9132070343636937,0.0045698999892920256,0.3453798000118695,678.8671875
80/20,43,0.1,knn,QDA,0.885202738283307,0.9035637309938546,0.005403199989814311,0.2925027000019327,689.884765625
80/20,43,0.1,knn,GNB,0.8862559241706162,0.8974260548858496,0.005910500010941178,0.0013098000199534,1015.2734375
80/20,43,0.2,mean,OVR_GD,0.8151658767772512,0.7307532732145664,1.6333248000009917,0.001354500011075288,1665.99609375
80/20,43,0.2,mean,OVO_GD,0.8478146392838336,0.8268334391373626,2.441332300018985,0.24206089996732771,1373.3291015625
80/20,43,0.2,mean,Softmax_GD,0.8357030015797788,0.8106839899789868,0.7422802000073716,0.0004487999831326306,4168.7578125
80/20,43,0.2,mean,LDA,0.8604528699315429,0.8617559456595906,0.0053308000206016,0.3504450999898836,678.8671875
80/20,43,0.2,mean,QDA,0.8551869404949973,0.8680176658819461,0.0062272000359371305,0.29465489997528493,689.939453125
80/20,43,0.2,mean,GNB,0.8704581358609794,0.8759321405275744,0.005729000025894493,0.0017506000003777444,1015.2734375
80/20,43,0.2,median,OVR_GD,0.8167456556082149,0.7358770503534288,1.6342311999760568,0.001277300005313009,1665.99609375
80/20,43,0.2,median,OVO_GD,0.8462348604528699,0.8224089680499114,2.4236766999820247,0.19022079999558628,1374.0166015625
80/20,43,0.2,median,Softmax_GD,0.8309636650868878,0.8051452293567386,0.7426127000362612,0.0004757000133395195,4168.7578125
80/20,43,0.2,median,LDA,0.8593996840442338,0.8593524391633498,0.004475299967452884,0.349618999985978,678.8671875
80/20,43,0.2,median,QDA,0.8509741969457609,0.8630596688043747,0.00545820000115782,0.29668470000615343,689.884765625
80/20,43,0.2,median,GNB,0.8715113217482886,0.8778171041985565,0.005882999976165593,0.0014905999996699393,1015.2734375
80/20,43,0.2,knn,OVR_GD,0.8493944181147972,0.7673219722392783,1.8014602000475861,0.0011199000291526318,1665.99609375
80/20,43,0.2,knn,OVO_GD,0.8888888888888888,0.8803236142116871,2.598797300015576,0.18942170002264902,1373.3291015625
80/20,43,0.2,knn,Softmax_GD,0.8767772511848341,0.8680732174744562,0.7508801000076346,0.000458099995739758,4168.7578125
80/20,43,0.2,knn,LDA,0.8857293312269615,0.8989387526060301,0.004530500038526952,0.34717070002807304,678.8671875
80/20,43,0.2,knn,QDA,0.8667719852553976,0.8900185780801292,0.004944799991790205,0.2933447000104934,689.939453125
80/20,43,0.2,knn,GNB,0.8846761453396524,0.8963057326535765,0.005719100008718669,0.0012695000041276217,1015.2734375
80/20,43,0.3,mean,OVR_GD,0.7956819378620327,0.7090907663948504,1.6229724999866448,0.0011546000023372471,1665.99609375
80/20,43,0.3,mean,OVO_GD,0.8251711427066877,0.799244503070982,2.4426640999736264,0.1906275000073947,1374.0166015625
80/20,43,0.3,mean,Softmax_GD,0.8062137967351237,0.7799294194835035,0.7430185999837704,0.0004577000509016216,4168.7578125
80/20,43,0.3,mean,LDA,0.8404423380726699,0.8263152839993336,0.004511200007982552,0.3504998999997042,678.8671875
80/20,43,0.3,mean,QDA,0.8715113217482886,0.8765790292289302,0.005838199984282255,0.29269919998478144,689.884765625
80/20,43,0.3,mean,GNB,0.8683517640863613,0.8652266535169739,0.005883699981495738,0.0016876999870873988,1015.2734375
80/20,43,0.3,median,OVR_GD,0.7967351237493417,0.7093683316952737,1.6593255999614485,0.0013277000398375094,1665.99609375
80/20,43,0.3,median,OVO_GD,0.8246445497630331,0.7974380195971181,2.495507200015709,0.1873518000356853,1373.3291015625
80/20,43,0.3,median,Softmax_GD,0.8062137967351237,0.7777380311733354,0.7429155999561772,0.000464599987026304,4168.7578125
80/20,43,0.3,median,LDA,0.8367561874670879,0.8215152897989427,0.00472630001604557,0.34750050003640354,678.8671875
80/20,43,0.3,median,QDA,0.866245392311743,0.8719423626844041,0.005131900019478053,0.29379029996925965,689.939453125
80/20,43,0.3,median,GNB,0.8667719852553976,0.8622705873662679,0.006385300017427653,0.001649599988013506,1015.2734375
80/20,43,0.3,knn,OVR_GD,0.8436018957345972,0.7577001600646457,1.7033958000247367,0.0012330000172369182,1665.99609375
80/20,43,0.3,knn,OVO_GD,0.880463401790416,0.8748405569934266,2.44358280004235,0.18470739998156205,1374.0166015625
80/20,43,0.3,knn,Softmax_GD,0.8736176935229067,0.8650218063243391,0.7434004999813624,0.00045140000293031335,4168.7578125
80/20,43,0.3,knn,LDA,0.8909952606635071,0.9028968063752181,0.00454699998954311,0.3539745999732986,678.8671875
80/20,43,0.3,knn,QDA,0.842548709847288,0.865850719350191,0.006697700009681284,0.2974357000202872,689.884765625
80/20,43,0.3,knn,GNB,0.8751974723538705,0.8809484417727412,0.00595899997279048,0.0012716000201180577,1015.2734375
80/20,44,0.1,mean,OVR_GD,0.8441284886782517,0.7562497738700944,1.7259447000105865,0.0014085000148043036,1665.99609375
80/20,44,0.1,mean,OVO_GD,0.880463401790416,0.8616175617487583,2.4595277000335045,0.18789989996002987,1374.0166015625
80/20,44,0.1,mean,Softmax_GD,0.865192206424434,0.8452281696024483,0.7398180000018328,0.00046040001325309277,4168.7578125
80/20,44,0.1,mean,LDA,0.8936282253817799,0.8932133943179067,0.004448599996976554,0.3457401000196114,678.8671875
80/20,44,0.1,mean,QDA,0.8056872037914692,0.8354567965271443,0.0061645000241696835,0.29488810000475496,689.884765625
80/20,44,0.1,mean,GNB,0.8941548183254344,0.8973661405220236,0.005770599993411452,0.0017800999921746552,1015.2734375
80/20,44,0.1,median,OVR_GD,0.8436018957345972,0.7579963803459587,1.7205550000071526,0.0011886999709531665,1665.99609375
80/20,44,0.1,median,OVO_GD,0.8799368088467614,0.8598027134631366,2.5765920999692753,0.18636430002516136,1373.3291015625
80/20,44,0.1,median,Softmax_GD,0.8672985781990521,0.8471906315305581,0.7818030000198632,0.00045110000064596534,4168.7578125
80/20,44,0.1,median,LDA,0.8941548183254344,0.8925457631287105,0.004391400027088821,0.3411482999799773,678.8671875
80/20,44,0.1,median,QDA,0.8009478672985783,0.8315075940891731,0.006703699997160584,0.3113152000005357,689.939453125
80/20,44,0.1,median,GNB,0.8952080042127436,0.8978774586392884,0.006351299991365522,0.0014685000060126185,1015.2734375
80/20,44,0.1,knn,OVR_GD,0.8609794628751974,0.7766171368314225,1.707764099992346,0.0013284000451676548,1665.99609375
80/20,44,0.1,knn,OVO_GD,0.8973143759873617,0.8847101281898856,2.4342100999783725,0.18522320000920445,1373.3291015625
80/20,44,0.1,knn,Softmax_GD,0.885202738283307,0.8716146854514724,0.7379005000111647,0.0004364000051282346,4168.7578125
80/20,44,0.1,knn,LDA,0.9052132701421801,0.9179397529779324,0.004580500011797994,0.3540898999781348,678.8671875
80/20,44,0.1,knn,QDA,0.889942074776198,0.9077649552298247,0.005689200013875961,0.29553930001566187,689.8935546875
80/20,44,0.1,knn,GNB,0.9010005265929436,0.9075344302924011,0.006872300000395626,0.0014618000132031739,1015.2734375
80/20,44,0.2,mean,OVR_GD,0.8325434439178515,0.7449645738050804,1.6307279000175186,0.0011676999856717885,1665.99609375
80/20,44,0.2,mean,OVO_GD,0.875724065297525,0.8576039877739624,2.4380246000364423,0.18811009998898953,1373.3291015625
80/20,44,0.2,mean,Softmax_GD,0.85202738283307,0.8291107444604521,0.7462292000418529,0.00043789995834231377,4168.7578125
80/20,44,0.2,mean,LDA,0.880463401790416,0.8810849730047057,0.0048390000010840595,0.3546511000022292,678.8671875
80/20,44,0.2,mean,QDA,0.8799368088467614,0.89319467472955,0.005864600010681897,0.2966712999623269,689.8388671875
80/20,44,0.2,mean,GNB,0.8883622959452343,0.8917161342997203,0.005848300002980977,0.001656699983868748,1015.2734375
80/20,44,0.2,median,OVR_GD,0.8325434439178515,0.7446592044079345,1.6387250000261702,0.00121189997298643,1665.99609375
80/20,44,0.2,median,OVO_GD,0.8762506582411795,0.8581392705882089,2.441059500037227,0.1887647999683395,1373.3291015625
80/20,44,0.2,median,Softmax_GD,0.8499210110584519,0.82392362610014,0.7474771999986842,0.0004542000242508948,4168.7578125
80/20,44,0.2,median,LDA,0.8830963665086888,0.8819607437006541,0.0046249000006355345,0.3448433000012301,678.8671875
80/20,44,0.2,median,QDA,0.875724065297525,0.8888404348683416,0.005211199983023107,0.2928735999739729,689.84765625
80/20,44,0.2,median,GNB,0.8920484465508162,0.8950266887643336,0.006313899997621775,0.00152449996676296,1015.2734375
80/20,44,0.2,knn,OVR_GD,0.8599262769878884,0.7750232229251347,1.7080962000181898,0.0013883999781683087,1665.99609375
80/20,44,0.2,knn,OVO_GD,0.8999473407056345,0.8885762738510377,2.4431283999583684,0.18726660002721474,1374.0166015625
80/20,44,0.2,knn,Softmax_GD,0.885202738283307,0.8716684568452926,0.7382887999992818,0.00044380000326782465,4168.7578125
80/20,44,0.2,knn,LDA,0.9052132701421801,0.9177701433002686,0.004500999988522381,0.37413569999625906,678.8671875
80/20,44,0.2,knn,QDA,0.875724065297525,0.8953578797338257,0.007996700005605817,0.3120729000074789,689.8388671875
80/20,44,0.2,knn,GNB,0.8988941548183255,0.9049251138852045,0.006365499983076006,0.0014672999968752265,1015.2734375
80/20,44,0.3,mean,OVR_GD,0.8162190626645603,0.7303037664500727,1.6439220999600366,0.0013951000291854143,1665.99609375
80/20,44,0.3,mean,OVO_GD,0.8493944181147972,0.8256961379141216,2.430934800009709,0.18759449996287003,1373.3291015625
80/20,44,0.3,mean,Softmax_GD,0.8304370721432333,0.8013144849327091,0.7416149000055157,0.000694699992891401,4168.7578125
80/20,44,0.3,mean,LDA,0.8562401263823065,0.8548650375363648,0.004566900024656206,0.34712150000268593,678.8671875
80/20,44,0.3,mean,QDA,0.8888888888888888,0.8933092760234699,0.005239799967966974,0.29111879999982193,689.939453125
80/20,44,0.3,mean,GNB,0.8794102159031069,0.8815918613730565,0.006297100044321269,0.0017241999739781022,1015.2734375
80/20,44,0.3,median,OVR_GD,0.8130595050026329,0.7270816117497853,1.629726400016807,0.0011576999677345157,1665.99609375
80/20,44,0.3,median,OVO_GD,0.8483412322274881,0.8243513500850707,2.437430799996946,0.1921730000176467,1374.0166015625
80/20,44,0.3,median,Softmax_GD,0.8314902580305424,0.8008213676943596,0.7449395000003278,0.0004770999657921493,4168.7578125
80/20,44,0.3,median,LDA,0.856766719325961,0.8535821899958176,0.004377700039185584,0.34271469997474924,678.8671875
80/20,44,0.3,median,QDA,0.8857293312269615,0.8915372709149985,0.00594870001077652,0.29384830000344664,689.6552734375
80/20,44,0.3,median,GNB,0.8783570300157978,0.8821611671401516,0.006160599994473159,0.0015648999833501875,1015.2734375
80/20,44,0.3,knn,OVR_GD,0.8499210110584519,0.7652722725472113,1.7643402999965474,0.0011825999827124178,1665.99609375
80/20,44,0.3,knn,OVO_GD,0.8931016324381253,0.8788546107465363,2.43573369999649,0.18335700000170618,1373.3291015625
80/20,44,0.3,knn,Softmax_GD,0.8746708794102159,0.8542290035105585,0.76771899999585,0.00044490001164376736,4168.7578125
80/20,44,0.3,knn,LDA,0.89942074776198,0.910016010114247,0.004656900011468679,0.3600233999895863,678.8671875
80/20,44,0.3,knn,QDA,0.8388625592417062,0.8584678351410252,0.009283100022003055,0.30937970004742965,689.7099609375
80/20,44,0.3,knn,GNB,0.889942074776198,0.8893859470022278,0.006177900009788573,0.001247400010470301,1015.2734375
80/20,45,0.1,mean,OVR_GD,0.8378093733543971,0.7605096877074419,1.647299700009171,0.0014158000121824443,1665.99609375
80/20,45,0.1,mean,OVO_GD,0.8709847288046341,0.8633554634223163,2.442355500010308,0.1858162999851629,1373.3291015625
80/20,45,0.1,mean,Softmax_GD,0.861506055818852,0.850984287364224,0.7430831000092439,0.00045300001511350274,4168.7578125
80/20,45,0.1,mean,LDA,0.8878357030015798,0.8930614951545638,0.005490300012752414,0.34806329995626584,678.8671875
80/20,45,0.1,mean,QDA,0.7972617166929963,0.8280024895338416,0.005157300038263202,0.2962534999824129,689.7099609375
80/20,45,0.1,mean,GNB,0.8773038441284887,0.8812877646378997,0.005797900026664138,0.001496699987910688,1015.2734375
80/20,45,0.1,median,OVR_GD,0.8335966298051606,0.7564332318604817,1.637912999955006,0.00117200001841411,1666.68359375
80/20,45,0.1,median,OVO_GD,0.8704581358609794,0.8630286706973965,2.443537200044375,0.18497139995452017,1373.3291015625
80/20,45,0.1,median,Softmax_GD,0.8588730911005793,0.8477867892678553,0.7419457000214607,0.0004616000223904848,4168.7578125
80/20,45,0.1,median,LDA,0.8883622959452343,0.8931939854130395,0.004541699949186295,0.34349689999362454,678.8671875
80/20,45,0.1,median,QDA,0.7935755660874144,0.825943571050572,0.006043100031092763,0.29760869999881834,689.6552734375
80/20,45,0.1,median,GNB,0.8788836229594523,0.8827219886577048,0.006334699981380254,0.0016116999904625118,1015.2734375
80/20,45,0.1,knn,OVR_GD,0.8525539757767245,0.7842529369171194,1.7089944999897853,0.0015463000163435936,1666.68359375
80/20,45,0.1,knn,OVO_GD,0.8920484465508162,0.8924024898981349,2.4458216999773867,0.18464930000482127,1373.3291015625
80/20,45,0.1,knn,Softmax_GD,0.8778304370721433,0.8758069228337607,0.7373682999750599,0.0004526000120677054,4168.7578125
80/20,45,0.1,knn,LDA,0.8904686677198526,0.9114918904440075,0.0045335000031627715,0.3535441000130959,678.8671875
80/20,45,0.1,knn,QDA,0.8741442864665614,0.8992157070952668,0.005232300027273595,0.2965009999461472,689.884765625
80/20,45,0.1,knn,GNB,0.8909952606635071,0.900641878695717,0.005612599954474717,0.0014485000283457339,1015.2734375
80/20,45,0.2,mean,OVR_GD,0.8135860979462876,0.7410720619419388,1.6265341999824159,0.0012323000119067729,1665.99609375
80/20,45,0.2,mean,OVO_GD,0.8493944181147972,0.83952918235799,2.4333558999933302,0.1827480000210926,1373.3291015625
80/20,45,0.2,mean,Softmax_GD,0.8362295945234334,0.8225367267278699,0.8009088999824598,0.00047099997755140066,4168.7578125
80/20,45,0.2,mean,LDA,0.8625592417061612,0.8698790526915509,0.004654999997001141,0.34178660000907257,678.8671875
80/20,45,0.2,mean,QDA,0.8593996840442338,0.8740011347429112,0.006231900013517588,0.29468599997926503,689.939453125
80/20,45,0.2,mean,GNB,0.8704581358609794,0.8728193379120377,0.005734599952120334,0.0016403000336140394,1015.2734375
80/20,45,0.2,median,OVR_GD,0.8146392838335966,0.74158050280639,1.6443283000262454,0.0011612999951466918,1665.99609375
80/20,45,0.2,median,OVO_GD,0.8462348604528699,0.8334967994942933,2.433248499990441,0.18812330003129318,1373.3291015625
80/20,45,0.2,median,Softmax_GD,0.8341232227488151,0.8200111331852176,0.7452179999672808,0.0005077000241726637,4168.7578125
80/20,45,0.2,median,LDA,0.861506055818852,0.8673058582338858,0.0056452000280842185,0.3530468000099063,678.8671875
80/20,45,0.2,median,QDA,0.8536071616640337,0.8688761300674638,0.005446099967230111,0.3026556000113487,689.8935546875
80/20,45,0.2,median,GNB,0.8672985781990521,0.8700035733883629,0.005775799974799156,0.0015024000313133001,1015.2734375
80/20,45,0.2,knn,OVR_GD,0.8504476040021064,0.7833071412546755,1.7574424000340514,0.0014437000500038266,1665.99609375
80/20,45,0.2,knn,OVO_GD,0.8862559241706162,0.8856888867177054,2.605913100007456,0.18486169999232516,1373.3291015625
80/20,45,0.2,knn,Softmax_GD,0.8730911005792522,0.8688922295971226,0.7531848000362515,0.00045929994666948915,4168.7578125
80/20,45,0.2,knn,LDA,0.8883622959452343,0.907755333681771,0.008113800024148077,0.3537538999808021,678.8671875
80/20,45,0.2,knn,QDA,0.8646656134807793,0.8900273752489076,0.009228800015989691,0.319845299993176,689.84765625
80/20,45,0.2,knn,GNB,0.8894154818325435,0.8978014811572191,0.006132500013336539,0.0014605000033043325,1015.2734375
80/20,45,0.3,mean,OVR_GD,0.7872564507635598,0.6983471439627882,1.742902000027243,0.0011692999978549778,1666.68359375
80/20,45,0.3,mean,OVO_GD,0.8209583991574513,0.8041045760274291,2.6342566999956034,0.18736590002663434,1373.3291015625
80/20,45,0.3,mean,Softmax_GD,0.8051606108478147,0.7786424934779477,0.7398161999881268,0.0004803999909199774,4168.7578125
80/20,45,0.3,mean,LDA,0.8288572933122696,0.8211932286063052,0.004984600003808737,0.3528117999667302,678.8671875
80/20,45,0.3,mean,QDA,0.8694049499736703,0.8724740173892476,0.005240800033789128,0.302209000044968,689.884765625
80/20,45,0.3,mean,GNB,0.8536071616640337,0.8483863099508911,0.006128199980594218,0.001534599985461682,1015.2734375
80/20,45,0.3,median,OVR_GD,0.789362822538178,0.7022203060804738,1.635833099950105,0.0012935000122524798,1665.99609375
80/20,45,0.3,median,OVO_GD,0.822538177988415,0.8040961439890287,2.4919865999836475,0.18312160001369193,1373.3291015625
80/20,45,0.3,median,Softmax_GD,0.8041074249605056,0.7764093975447974,0.7396440000156872,0.00045849999878555536,4168.7578125
80/20,45,0.3,median,LDA,0.8267509215376514,0.8175892407534772,0.004658999969251454,0.35066070000175387,678.8671875
80/20,45,0.3,median,QDA,0.8672985781990521,0.8700459087457618,0.005513699958100915,0.30440140003338456,689.884765625
80/20,45,0.3,median,GNB,0.8509741969457609,0.84618370851386,0.005745600035879761,0.0015628999681212008,1015.2734375
80/20,45,0.3,knn,OVR_GD,0.8404423380726699,0.7737567679626087,1.710025999986101,0.0012365999864414334,1665.99609375
80/20,45,0.3,knn,OVO_GD,0.8799368088467614,0.8780225877827468,2.4457448999746703,0.18710520002059639,1373.3291015625
80/20,45,0.3,knn,Softmax_GD,0.8657187993680885,0.8612335972112019,0.736069199978374,0.0004683000151999295,4168.7578125
80/20,45,0.3,knn,LDA,0.889942074776198,0.904496523513079,0.005232500028796494,0.34515639999881387,678.8671875
80/20,45,0.3,knn,QDA,0.8256977356503423,0.8531320356733367,0.0052201999933458865,0.29351350001525134,689.939453125
80/20,45,0.3,knn,GNB,0.880463401790416,0.8867369060623993,0.006240700022317469,0.0014288999955169857,1015.2734375
80/20,46,0.1,mean,OVR_GD,0.8357030015797788,0.7432700829654987,1.6298812999739312,0.001153399993199855,1666.73046875
80/20,46,0.1,mean,OVO_GD,0.8799368088467614,0.8730311453055963,2.4355361000052653,0.18834479997167364,1373.3291015625
80/20,46,0.1,mean,Softmax_GD,0.8599262769878884,0.8503381380994617,0.741986499982886,0.00045779999345541,4168.7578125
80/20,46,0.1,mean,LDA,0.8820431806213797,0.8847861341731552,0.0045687000383622944,0.34423549997154623,678.8671875
80/20,46,0.1,mean,QDA,0.7872564507635598,0.8222812564538089,0.005420600005891174,0.2932440000004135,689.884765625
80/20,46,0.1,mean,GNB,0.8883622959452343,0.8976763473896473,0.006169100000988692,0.0016183999832719564,1015.2734375
80/20,46,0.1,median,OVR_GD,0.8357030015797788,0.7459051777913812,1.6225927000050433,0.0011624000035226345,1665.99609375
80/20,46,0.1,median,OVO_GD,0.8799368088467614,0.8723629389261501,2.4380504000000656,0.19020350003847852,1373.3291015625
80/20,46,0.1,median,Softmax_GD,0.8599262769878884,0.8495799291198072,0.7696222000522539,0.0004484999808482826,4168.7578125
80/20,46,0.1,median,LDA,0.8794102159031069,0.8813760161697692,0.00459139997838065,0.34991380001883954,678.8671875
80/20,46,0.1,median,QDA,0.7830437072143234,0.8186245390002685,0.005341999989468604,0.30878319998737425,689.884765625
80/20,46,0.1,median,GNB,0.8878357030015798,0.8964134762751389,0.00629980000667274,0.001566799997817725,1015.2734375
80/20,46,0.1,knn,OVR_GD,0.8483412322274881,0.7573985656787922,1.7874147999682464,0.0016215000068768859,1665.99609375
80/20,46,0.1,knn,OVO_GD,0.8973143759873617,0.8972216913172664,2.6147974000195973,0.18451559997629374,1373.3291015625
80/20,46,0.1,knn,Softmax_GD,0.8825697735650342,0.8810755343794564,0.7351978999795392,0.00044029997661709785,4169.4453125
80/20,46,0.1,knn,LDA,0.8915218536071616,0.9090236238544177,0.005435700004454702,0.3481663999846205,678.8671875
80/20,46,0.1,knn,QDA,0.8751974723538705,0.8980708520862707,0.005220399994868785,0.3018465000204742,689.7470703125
80/20,46,0.1,knn,GNB,0.889942074776198,0.9014249376209774,0.006518899986986071,0.001927300007082522,1015.2734375
80/20,46,0.2,mean,OVR_GD,0.8120063191153238,0.7191947711850879,1.6519558999571018,0.0013014000141993165,1665.99609375
80/20,46,0.2,mean,OVO_GD,0.8515007898894155,0.8364536863637638,2.438550699967891,0.18741620000218973,1373.3291015625
80/20,46,0.2,mean,Softmax_GD,0.8325434439178515,0.8126068830199137,0.7381486000376754,0.00046060001477599144,4168.7578125
80/20,46,0.2,mean,LDA,0.8609794628751974,0.8565377789120383,0.004839200002606958,0.34819360001711175,678.8671875
80/20,46,0.2,mean,QDA,0.8562401263823065,0.8749321511509361,0.005507399968337268,0.2906520999968052,689.939453125
80/20,46,0.2,mean,GNB,0.8820431806213797,0.8884740297995432,0.006241699971724302,0.0016243999707512558,1015.2734375
80/20,46,0.2,median,OVR_GD,0.8130595050026329,0.7200304581941952,1.6327195999911055,0.0013349999790079892,1665.99609375
80/20,46,0.2,median,OVO_GD,0.8504476040021064,0.8344287655925993,2.4450315999565646,0.18808049999643117,1374.0166015625
80/20,46,0.2,median,Softmax_GD,0.8325434439178515,0.8132230614012742,0.7399407000048086,0.0004555999767035246,4168.7578125
80/20,46,0.2,median,LDA,0.8593996840442338,0.8541016932649821,0.0052334999782033265,0.3504604999907315,678.8671875
80/20,46,0.2,median,QDA,0.855713533438652,0.8736018291516088,0.005558900011237711,0.29184350004652515,689.884765625
80/20,46,0.2,median,GNB,0.8794102159031069,0.8852179046105163,0.005834000010509044,0.0014809999847784638,1015.2734375
80/20,46,0.2,knn,OVR_GD,0.8441284886782517,0.7514562952843338,1.7471822000225075,0.0011126999743282795,1666.68359375
80/20,46,0.2,knn,OVO_GD,0.8941548183254344,0.8922388159433006,2.4365713000297546,0.18643790000351146,1373.3291015625
80/20,46,0.2,knn,Softmax_GD,0.8815165876777251,0.878360184502874,0.7358374000177719,0.0004482999793253839,4168.7578125
80/20,46,0.2,knn,LDA,0.8873091100579252,0.9040100967940317,0.0044698999845422804,0.34601320000365376,678.8671875
80/20,46,0.2,knn,QDA,0.866245392311743,0.8879277673427631,0.005283000005874783,0.2854716999572702,689.884765625
80/20,46,0.2,knn,GNB,0.8873091100579252,0.8962634982392563,0.005701099988073111,0.0012841999996453524,1015.2734375
80/20,46,0.3,mean,OVR_GD,0.7946287519747235,0.7019335285549392,1.6227706999634393,0.0014487000298686326,1665.99609375
80/20,46,0.3,mean,OVO_GD,0.8199052132701422,0.7955510570296641,2.4280223000096157,0.1877223999472335,1373.3291015625
80/20,46,0.3,mean,Softmax_GD,0.8035808320168509,0.7735420848501967,0.7369692000211217,0.00044169998727738857,4168.7578125
80/20,46,0.3,mean,LDA,0.8372827804107424,0.822430166787529,0.004513900028541684,0.34806369995931163,678.8671875
80/20,46,0.3,mean,QDA,0.8778304370721433,0.8864646278868563,0.0056176999933086336,0.3005692000151612,689.8388671875
80/20,46,0.3,mean,GNB,0.8657187993680885,0.8697529140314124,0.00647320004645735,0.0016228000167757273,1015.2734375
80/20,46,0.3,median,OVR_GD,0.7951553449183781,0.7021931782528835,1.6360609999974258,0.0011571000213734806,1665.99609375
80/20,46,0.3,median,OVO_GD,0.8235913638757241,0.7976633498035051,2.4377525000018068,0.18711810000240803,1373.3291015625
80/20,46,0.3,median,Softmax_GD,0.8030542390731964,0.7719934091250141,0.737555900006555,0.0004632999771274626,4168.7578125
80/20,46,0.3,median,LDA,0.8325434439178515,0.8187981220083955,0.004675599979236722,0.3478667000308633,678.8671875
80/20,46,0.3,median,QDA,0.8720379146919431,0.8819210411039651,0.005072399973869324,0.28684509999584407,689.939453125
80/20,46,0.3,median,GNB,0.8683517640863613,0.8718450144843487,0.006435599992983043,0.0016172999748960137,1015.2734375
80/20,46,0.3,knn,OVR_GD,0.8372827804107424,0.7470900349357861,1.7060303000034764,0.0013934000162407756,1665.99609375
80/20,46,0.3,knn,OVO_GD,0.8836229594523434,0.8796673621782318,2.495553699962329,0.19393370003672317,1373.3291015625
80/20,46,0.3,knn,Softmax_GD,0.8678251711427067,0.8623671658684041,0.733955999952741,0.0005341999931260943,4168.7578125
80/20,46,0.3,knn,LDA,0.8888888888888888,0.9031907193801036,0.004387000051792711,0.3536759000271559,678.8671875
80/20,46,0.3,knn,QDA,0.8272775144813059,0.8555398594557613,0.0060326000093482435,0.2927932999446057,689.884765625
80/20,46,0.3,knn,GNB,0.880463401790416,0.8872682295606481,0.006094000011216849,0.001380200032144785,1015.2734375
