split,seed,model,fold,accuracy,f1_macro,fit_time_s,predict_time_s,peak_mem_kb
60/40,42,OVR_GD,1,0.8464912280701754,0.7754125354829311,1.2630441999644972,0.001069999998435378,1038.078125
60/40,42,OVR_GD,2,0.8567662565905096,0.7834521388022301,1.2902593999751844,0.0009885000181384385,1039.1015625
60/40,42,OVR_GD,3,0.8469656992084432,0.7763856766309865,1.2692825000267476,0.001125600014347583,1038.62109375
60/40,42,OVR_GD,4,0.8663148636763413,0.7867045584508684,1.262023199989926,0.0009901999728754163,1038.62109375
60/40,42,OVR_GD,5,0.8641975308641975,0.7915729619371122,1.264908600016497,0.001201000006403774,1039.2421875
60/40,42,OVO_GD,1,0.8912280701754386,0.8853851639481964,2.0607908999663778,0.11071029998129234,900.517578125
60/40,42,OVO_GD,2,0.8892794376098418,0.8884232236826767,2.0663649999769405,0.1129182999720797,901.51171875
60/40,42,OVO_GD,3,0.8962181178540017,0.8916386150470716,2.0837824000045657,0.11413130001164973,900.8837890625
60/40,42,OVO_GD,4,0.9032541776605101,0.8913969309486791,2.066704800003208,0.11497329996200278,900.8837890625
60/40,42,OVO_GD,5,0.9162257495590829,0.9066409425525712,2.094670100021176,0.11426299996674061,901.2265625
60/40,42,Softmax_GD,1,0.8719298245614036,0.8687662578724645,0.4815731000271626,0.0004425999941304326,2532.734375
60/40,42,Softmax_GD,2,0.8769771528998243,0.8799875789358637,0.46771300002001226,0.00030620000325143337,2533.8359375
60/40,42,Softmax_GD,3,0.8786279683377308,0.8708630880199241,0.4717977000400424,0.0003190000425092876,2534.375
60/40,42,Softmax_GD,4,0.8953386103781882,0.8804052872160201,0.4725560999941081,0.00031269999453797936,2535.0625
60/40,42,Softmax_GD,5,0.8897707231040565,0.8806411261562407,0.47213840001495555,0.00031350000062957406,2535.9921875
60/40,42,LDA,1,0.887719298245614,0.9103533472775239,0.004744299978483468,0.21566170000005513,434.765625
60/40,42,LDA,2,0.8936731107205624,0.9144207581995089,0.0032750999671407044,0.21585640002740547,434.640625
60/40,42,LDA,3,0.8935795954265612,0.9112290680087309,0.003505099972244352,0.21550250001018867,434.640625
60/40,42,LDA,4,0.9102902374670184,0.9244940003095452,0.0031168999848887324,0.21471819997532293,434.640625
60/40,42,LDA,5,0.9171075837742504,0.931923425732171,0.00430699996650219,0.21345260000089183,435.015625
60/40,42,QDA,1,0.8789473684210526,0.9063757582978601,0.0037790999631397426,0.17791099997702986,445.6005859375
60/40,42,QDA,2,0.8875219683655536,0.9115039830969002,0.0034354000235907733,0.17780250002397224,445.5380859375
60/40,42,QDA,3,0.9006156552330695,0.9181442245375118,0.0036612999974749982,0.17818160000024363,445.5380859375
60/40,42,QDA,4,0.909410729991205,0.9294020606484027,0.0034674000344239175,0.17755550000583753,445.583984375
60/40,42,QDA,5,0.9056437389770723,0.9256088427800424,0.003687000018544495,0.17737940000370145,445.9130859375
60/40,42,GNB,1,0.9017543859649123,0.9162020841752084,0.004149099986534566,0.0011857000063173473,635.84375
60/40,42,GNB,2,0.8743409490333919,0.888501128419098,0.004384199972264469,0.0011812999728135765,636.09375
60/40,42,GNB,3,0.8970976253298153,0.9061767381089271,0.004105400003027171,0.0012166000087745488,636.2421875
60/40,42,GNB,4,0.899736147757256,0.9078960845075082,0.0039016000228002667,0.0011780000058934093,636.2421875
60/40,42,GNB,5,0.8994708994708994,0.903148305130798,0.0038997000083327293,0.0012436999822966754,636.6171875
60/40,43,OVR_GD,1,0.8631578947368421,0.7860592328102528,1.2607700999942608,0.0010862000053748488,1037.9765625
60/40,43,OVR_GD,2,0.8585237258347979,0.7836124949087776,1.2344845999614336,0.0009571000118739903,1038.4140625
60/40,43,OVR_GD,3,0.8566402814423922,0.7729040729551464,1.2535150999901816,0.000963800004683435,1038.62109375
60/40,43,OVR_GD,4,0.8566402814423922,0.7978809261997738,1.254005099995993,0.0009812999633140862,1039.25390625
60/40,43,OVR_GD,5,0.8447971781305115,0.762836862702903,1.2383535000262782,0.0009587999666109681,1039.2421875
60/40,43,OVO_GD,1,0.8929824561403509,0.8811132423051111,2.6458560000173748,0.13150679995305836,900.517578125
60/40,43,OVO_GD,2,0.9042179261862917,0.8937268795365448,2.5239007999771275,0.11712999996962026,900.54296875
60/40,43,OVO_GD,3,0.8909410729991205,0.8808075032834501,2.3932375999866053,0.11008180002681911,900.8837890625
60/40,43,OVO_GD,4,0.9085312225153914,0.9082280442439722,2.338059100031387,0.1239752999972552,900.8837890625
60/40,43,OVO_GD,5,0.8897707231040565,0.8835838712943459,2.3683947999961674,0.10365010000532493,901.2265625
60/40,43,Softmax_GD,1,0.875438596491228,0.8587480881406478,0.5896391000133008,0.0004095000331290066,2532.734375
60/40,43,Softmax_GD,2,0.8901581722319859,0.8774497871717247,0.5791686999727972,0.00039389997255057096,2533.8359375
60/40,43,Softmax_GD,3,0.8830255057167986,0.8728852997572769,0.65062339999713,0.00038729998050257564,2535.0078125
60/40,43,Softmax_GD,4,0.8847845206684257,0.8788040770503889,0.5918011000030674,0.0003342999843880534,2534.375
60/40,43,Softmax_GD,5,0.8756613756613757,0.8688256438688017,0.5762608000077307,0.00032890000147745013,2535.9921875
60/40,43,LDA,1,0.887719298245614,0.9061957648369167,0.003720399981830269,0.2127928999834694,434.765625
60/40,43,LDA,2,0.9191564147627417,0.9327317961253321,0.004441700002644211,0.21087770001031458,434.640625
60/40,43,LDA,3,0.8935795954265612,0.9123806179548745,0.003542700025718659,0.20747510000364855,434.640625
60/40,43,LDA,4,0.9058927000879508,0.9232065434323534,0.003089900012128055,0.21624869998777285,434.640625
60/40,43,LDA,5,0.8968253968253969,0.9161716934028579,0.004486599995288998,0.21100140002090484,435.015625
60/40,43,QDA,1,0.893859649122807,0.915492039271593,0.0036825999850407243,0.19326899998122826,445.646484375
60/40,43,QDA,2,0.9112478031634447,0.9292087660760873,0.003646400000434369,0.17832359997555614,445.583984375
60/40,43,QDA,3,0.8812664907651715,0.9032366527173507,0.0037598999915644526,0.17965399997774512,445.6298828125
60/40,43,QDA,4,0.9076517150395779,0.9277980694227388,0.004342300002463162,0.1845138999633491,445.5380859375
60/40,43,QDA,5,0.9029982363315696,0.9224761175904632,0.0036111000226810575,0.18160319997696206,445.958984375
60/40,43,GNB,1,0.9026315789473685,0.9129940722682048,0.004536099964752793,0.0011905999854207039,635.84375
60/40,43,GNB,2,0.9033391915641477,0.9103447647069302,0.004145300015807152,0.0011922999983653426,636.09375
60/40,43,GNB,3,0.8874230430958663,0.8958973558269046,0.004248299985192716,0.0012420000275596976,636.2421875
60/40,43,GNB,4,0.9076517150395779,0.9168468135784688,0.0038579999818466604,0.0015238000196404755,636.2421875
60/40,43,GNB,5,0.8844797178130511,0.8961986750909043,0.004119999997783452,0.0011371999862603843,636.6171875
60/40,44,OVR_GD,1,0.8675438596491228,0.7832102158498343,1.2962290999712422,0.0011044999700970948,1037.9765625
60/40,44,OVR_GD,2,0.8690685413005272,0.7910569162468306,1.2929973000427708,0.0013136999914422631,1038.4140625
60/40,44,OVR_GD,3,0.8452066842568162,0.7851442807404162,1.292698300036136,0.0010775000555440784,1039.25390625
60/40,44,OVR_GD,4,0.851363236587511,0.7810892430180054,1.476816299953498,0.0012729000300168991,1038.62109375
60/40,44,OVR_GD,5,0.86331569664903,0.7765763398101988,1.2669723999570124,0.0011158999986946583,1039.2421875
60/40,44,OVO_GD,1,0.9052631578947369,0.9038316851041454,2.0831465999945067,0.1094547999673523,900.517578125
60/40,44,OVO_GD,2,0.9121265377855887,0.9051059662769678,2.0978723999578506,0.11040710000088438,900.54296875
60/40,44,OVO_GD,3,0.8865435356200527,0.8919248479545618,2.103277599962894,0.10827590001281351,900.8837890625
60/40,44,OVO_GD,4,0.8909410729991205,0.886120563977727,2.1585855000303127,0.11248309997608885,900.1337890625
60/40,44,OVO_GD,5,0.9029982363315696,0.8915159072013852,2.147656800050754,0.11192220001248643,900.4296875
60/40,44,Softmax_GD,1,0.8929824561403509,0.8949691584607221,0.47871549997944385,0.00032730004750192165,2532.734375
60/40,44,Softmax_GD,2,0.8919156414762741,0.8819527539961517,0.4783189999870956,0.00031619996298104525,2533.8359375
60/40,44,Softmax_GD,3,0.8636763412489006,0.859785748005942,0.48058339999988675,0.0003142000059597194,2534.375
60/40,44,Softmax_GD,4,0.8751099384344767,0.8713620889807966,0.4914341000257991,0.00032270001247525215,2534.375
60/40,44,Softmax_GD,5,0.892416225749559,0.8802981904527715,0.47942089999560267,0.00031759997364133596,2535.9921875
60/40,44,LDA,1,0.893859649122807,0.9147429623764989,0.0031278000096790493,0.21036409999942407,434.765625
60/40,44,LDA,2,0.8971880492091389,0.9180973037433365,0.0031732000061310828,0.20925349998287857,434.640625
60/40,44,LDA,3,0.8953386103781882,0.9171005285826299,0.003101399983279407,0.2095223999931477,434.640625
60/40,44,LDA,4,0.8944591029023746,0.9137641344194822,0.003251600021030754,0.21511099999770522,434.640625
60/40,44,LDA,5,0.9153439153439153,0.9269868615317215,0.0030522000160999596,0.2108377999975346,435.015625
60/40,44,QDA,1,0.8956140350877193,0.9167720346715157,0.007369999948423356,0.18118820001836866,445.830078125
60/40,44,QDA,2,0.8892794376098418,0.9114163428341946,0.0036189999664202332,0.1802575999754481,445.5380859375
60/40,44,QDA,3,0.8953386103781882,0.9169757012224731,0.003636399982497096,0.17786809999961406,445.6298828125
60/40,44,QDA,4,0.8795074758135444,0.905141905993783,0.0037306000012904406,0.17911230004392564,445.583984375
60/40,44,QDA,5,0.8932980599647267,0.9098548123338899,0.003435599966906011,0.17842309997649863,446.0966796875
60/40,44,GNB,1,0.887719298245614,0.8993981177979201,0.0045559999998658895,0.0011935000075027347,635.84375
60/40,44,GNB,2,0.8945518453427065,0.9040283621903892,0.004389199952129275,0.001185900007840246,636.09375
60/40,44,GNB,3,0.8847845206684257,0.9012352335691511,0.0044300000299699605,0.0012465000036172569,636.2421875
60/40,44,GNB,4,0.8970976253298153,0.9103410598909721,0.004230899969115853,0.001159899984486401,636.2421875
60/40,44,GNB,5,0.9021164021164021,0.9058308523353873,0.004550700017716736,0.0011430000304244459,636.6171875
60/40,45,OVR_GD,1,0.862280701754386,0.7755383442021193,1.2900822999654338,0.0010913999867625535,1037.6953125
60/40,45,OVR_GD,2,0.8611599297012302,0.7830903515391449,1.2884093000320718,0.0009633000008761883,1038.1328125
60/40,45,OVR_GD,3,0.8557607739665787,0.7877523012258916,1.2965648000244983,0.001144200039561838,1038.33984375
60/40,45,OVR_GD,4,0.8663148636763413,0.7720341740321188,1.295274599979166,0.000964700011536479,1038.33984375
60/40,45,OVR_GD,5,0.8562610229276896,0.7691471775730037,1.2908187999855727,0.0010480000055395067,1039.59375
60/40,45,OVO_GD,1,0.8929824561403509,0.8783608270402317,2.1797438000212424,0.11256340000545606,899.720703125
60/40,45,OVO_GD,2,0.9033391915641477,0.8953414320406371,2.155842699983623,0.1074701999896206,899.74609375
60/40,45,OVO_GD,3,0.8874230430958663,0.8749919294695342,2.3128585999947973,0.1133274000021629,901.0009765625
60/40,45,OVO_GD,4,0.9050131926121372,0.9028273458350193,2.149009900051169,0.10795440000947565,900.0869140625
60/40,45,OVO_GD,5,0.8941798941798942,0.8861095028289073,2.1672737000044435,0.11055019998457283,900.4296875
60/40,45,Softmax_GD,1,0.887719298245614,0.8742611476176514,0.4780930000124499,0.0003079000161960721,2532.734375
60/40,45,Softmax_GD,2,0.8884007029876977,0.8812931992861207,0.47813840000890195,0.00033359997905790806,2533.8359375
60/40,45,Softmax_GD,3,0.8759894459102903,0.8637752840568876,0.4760556000401266,0.0003789999755099416,2534.375
60/40,45,Softmax_GD,4,0.8944591029023746,0.8897678755753241,0.4773471000371501,0.00031969998963177204,2534.375
60/40,45,Softmax_GD,5,0.8844797178130511,0.8737561636577069,0.47975689999293536,0.00033169996459037066,2535.9921875
60/40,45,LDA,1,0.9140350877192982,0.9272965217432185,0.00316030002431944,0.213239100005012,434.765625
60/40,45,LDA,2,0.9007029876977153,0.9155139653522995,0.005411399994045496,0.20749580004485324,434.640625
60/40,45,LDA,3,0.8865435356200527,0.9070961736770203,0.0028670000028796494,0.21205730002839118,434.640625
60/40,45,LDA,4,0.899736147757256,0.9191795184242472,0.00472329999320209,0.2111379000125453,434.640625
60/40,45,LDA,5,0.9021164021164021,0.9232037239965459,0.0030311000300571322,0.2107135000405833,435.015625
60/40,45,QDA,1,0.9149122807017543,0.9300880363969763,0.003734600031748414,0.1791609000065364,445.6005859375
60/40,45,QDA,2,0.8954305799648506,0.912075610526405,0.003545599989593029,0.17456119996495545,445.5380859375
60/40,45,QDA,3,0.8830255057167986,0.9092587732956569,0.003722399997059256,0.17653260001679882,445.6298828125
60/40,45,QDA,4,0.8927000879507476,0.9144439762929285,0.003746400005184114,0.17828749999171123,445.583984375
60/40,45,QDA,5,0.9056437389770723,0.9290859525730587,0.0035809999681077898,0.17663090000860393,446.0048828125
60/40,45,GNB,1,0.9043859649122807,0.9097084286804726,0.0041806999943219125,0.0011671999818645418,635.84375
60/40,45,GNB,2,0.8945518453427065,0.9009669881158907,0.0041043999954126775,0.0011742000351659954,636.09375
60/40,45,GNB,3,0.8839050131926122,0.8943099928116098,0.004321700020227581,0.001191499992273748,636.2421875
60/40,45,GNB,4,0.8927000879507476,0.9024148258163217,0.004130000015720725,0.0011845999979414046,636.2421875
60/40,45,GNB,5,0.8932980599647267,0.9071841484948252,0.004255599982570857,0.0011669000377878547,636.6171875
60/40,46,OVR_GD,1,0.8614035087719298,0.7877517957691953,1.362198700022418,0.0011110000195913017,1037.6953125
60/40,46,OVR_GD,2,0.8708260105448155,0.8025403628757156,1.3954362000222318,0.0009537000441923738,1038.1328125
60/40,46,OVR_GD,3,0.8733509234828496,0.7955113773244553,1.3197361000347883,0.0009685999830253422,1038.33984375
60/40,46,OVR_GD,4,0.8478452066842568,0.7626487681202937,1.3509053000016138,0.000971200002823025,1038.33984375
60/40,46,OVR_GD,5,0.843915343915344,0.7640514449641117,1.2903315000003204,0.0009748000302352011,1039.59375
60/40,46,OVO_GD,1,0.8912280701754386,0.8767293108631924,2.18240909994347,0.10850169998593628,899.720703125
60/40,46,OVO_GD,2,0.9094903339191565,0.8982358177110364,2.1824106000130996,0.10706409998238087,899.74609375
60/40,46,OVO_GD,3,0.9058927000879508,0.9055800461417984,2.231669200002216,0.10994160000700504,900.0869140625
60/40,46,OVO_GD,4,0.8856640281442393,0.8758347329063474,2.1523630000301637,0.11510569998063147,900.7197265625
60/40,46,OVO_GD,5,0.8835978835978836,0.8749091390441299,2.178287500049919,0.10891549999359995,900.4296875
60/40,46,Softmax_GD,1,0.8807017543859649,0.8660191283251686,0.476705499982927,0.0003206999972462654,2532.734375
60/40,46,Softmax_GD,2,0.8927943760984183,0.8772815074142629,0.4786018000449985,0.00031540001509711146,2533.8359375
60/40,46,Softmax_GD,3,0.8918205804749341,0.8877621531908195,0.4762396000442095,0.00031650002347305417,2534.375
60/40,46,Softmax_GD,4,0.8803869832893579,0.8734773766195653,0.4749578000046313,0.0003657999914139509,2534.375
60/40,46,Softmax_GD,5,0.8783068783068783,0.8710807632403158,0.47818640002515167,0.00038270000368356705,2535.9921875
60/40,46,LDA,1,0.9017543859649123,0.9188733289397985,0.0037410000222735107,0.2116140000289306,434.765625
60/40,46,LDA,2,0.9077328646748682,0.9259261776231231,0.004578799998853356,0.21796480001648888,434.640625
60/40,46,LDA,3,0.9076517150395779,0.9255911011302759,0.005001000012271106,0.21059919998515397,434.640625
60/40,46,LDA,4,0.9006156552330695,0.9146051436460534,0.005260300007648766,0.20531609997851774,434.640625
60/40,46,LDA,5,0.8985890652557319,0.9135269233176337,0.004643000022042543,0.20510699995793402,435.015625
60/40,46,QDA,1,0.9035087719298246,0.9196955358491037,0.005329600011464208,0.17950289999134839,445.6923828125
60/40,46,QDA,2,0.9068541300527241,0.9261734780753732,0.004449400003068149,0.1789623000076972,445.6298828125
60/40,46,QDA,3,0.9041336851363236,0.9250710357131241,0.0050271000363864005,0.18250689998967573,445.7216796875
60/40,46,QDA,4,0.9032541776605101,0.919123527135341,0.004368499969132245,0.17686030000913888,445.6298828125
60/40,46,QDA,5,0.892416225749559,0.9071431776740011,0.004745699989143759,0.17773330002091825,445.9130859375
60/40,46,GNB,1,0.8973684210526316,0.9074006315105618,0.004529799974989146,0.0013120999792590737,635.84375
60/40,46,GNB,2,0.9050966608084359,0.9145470561727338,0.0043602000223472714,0.0011872000177390873,636.09375
60/40,46,GNB,3,0.9023746701846965,0.9123028298318673,0.004185800033155829,0.0012071000528521836,636.2421875
60/40,46,GNB,4,0.8962181178540017,0.9053923681587399,0.004265199997462332,0.0011700999457389116,636.2421875
60/40,46,GNB,5,0.8871252204585538,0.8941883069926886,0.004210499988403171,0.0011919999960809946,636.6171875
70/30,42,OVR_GD,1,0.8707738542449286,0.7964607100277571,1.4614376000245102,0.001047499943524599,1194.2109375
70/30,42,OVR_GD,2,0.8659638554216867,0.7918497611027846,1.3558971000020392,0.00109039997914806,1194.85546875
70/30,42,OVR_GD,3,0.8514328808446455,0.7646884295583564,1.3635113000054844,0.0011693999986164272,1195.26953125
70/30,42,OVR_GD,4,0.8557401812688822,0.7709697895940726,1.474729000008665,0.0010430999682284892,1195.68359375
70/30,42,OVR_GD,5,0.8534743202416919,0.7814615089723824,1.3685032000066712,0.001040400005877018,1195.68359375
70/30,42,OVO_GD,1,0.9105935386927122,0.9061513681272932,2.277697600016836,0.12977919995319098,1017.705078125
70/30,42,OVO_GD,2,0.8990963855421686,0.8955397800036403,2.240390599996317,0.13070659997174516,1018.0712890625
70/30,42,OVO_GD,3,0.8936651583710408,0.8854859306493779,2.268664599978365,0.12950460001593456,1018.4130859375
70/30,42,OVO_GD,4,0.8950151057401813,0.8832134980652894,2.2348893999587744,0.13033990003168583,1019.0478515625
70/30,42,OVO_GD,5,0.9018126888217523,0.888384262322681,2.2263059999677353,0.1305341999977827,1018.4150390625
70/30,42,Softmax_GD,1,0.8933132982719759,0.8897136340885995,0.6270049999584444,0.00033840001560747623,2940.265625
70/30,42,Softmax_GD,2,0.8802710843373494,0.8750664649994422,0.5412059999653138,0.0003601000062189996,2941.90625
70/30,42,Softmax_GD,3,0.8778280542986425,0.8688485804488265,0.5411333999945782,0.00036260002525523305,2942.984375
70/30,42,Softmax_GD,4,0.879154078549849,0.8673356489593568,0.539664999989327,0.000395399983972311,2944.0625
70/30,42,Softmax_GD,5,0.8829305135951662,0.8714019078712152,0.5416659000329673,0.00036349997390061617,2944.0625
70/30,42,LDA,1,0.9030803906836965,0.9221220157557617,0.0034494000137783587,0.24635210004635155,495.640625
70/30,42,LDA,2,0.891566265060241,0.9106481251061015,0.003760600055102259,0.24845920002553612,495.515625
70/30,42,LDA,3,0.9087481146304676,0.9258122993813229,0.005742199951782823,0.24134179996326566,495.765625
70/30,42,LDA,4,0.899546827794562,0.9184318640124419,0.004114800016395748,0.24878999998327345,495.890625
70/30,42,LDA,5,0.9018126888217523,0.9144479254224459,0.005314200010616332,0.23902179999276996,495.890625
70/30,42,QDA,1,0.8963185574755823,0.916354190964128,0.004214500018861145,0.2082998999976553,506.705078125
70/30,42,QDA,2,0.8968373493975904,0.916202932583995,0.005901399999856949,0.20802439999533817,506.55078125
70/30,42,QDA,3,0.8966817496229261,0.9219448020536233,0.00425960001302883,0.20928820001427084,506.80078125
70/30,42,QDA,4,0.9063444108761329,0.9274077889409564,0.004159800009801984,0.20897520001744851,506.7880859375
70/30,42,QDA,5,0.9003021148036254,0.9151136663469828,0.0051185000338591635,0.20322399999713525,506.7880859375
70/30,42,GNB,1,0.8933132982719759,0.9004940026199105,0.004724999947939068,0.0013059000484645367,730.34375
70/30,42,GNB,2,0.8960843373493976,0.908334012171378,0.004793700005393475,0.0012692000018432736,730.71875
70/30,42,GNB,3,0.8929110105580694,0.9040714709109438,0.0045730999554507434,0.0012500000302679837,730.9921875
70/30,42,GNB,4,0.8972809667673716,0.9065535845810809,0.0045128000201657414,0.0012737000361084938,731.2421875
70/30,42,GNB,5,0.9018126888217523,0.9076758013674173,0.004561000037938356,0.0012631999561563134,731.2421875
70/30,43,OVR_GD,1,0.864763335837716,0.790636807594665,1.3776241999585181,0.0010851999977603555,1194.2109375
70/30,43,OVR_GD,2,0.8659638554216867,0.8045907846603113,1.444319500005804,0.0009921000455506146,1194.85546875
70/30,43,OVR_GD,3,0.8521870286576169,0.7666296335870527,1.4547640000237152,0.0009966999641619623,1195.26953125
70/30,43,OVR_GD,4,0.8481873111782477,0.7721340612952943,1.4240505999769084,0.0010340000153519213,1195.68359375
70/30,43,OVR_GD,5,0.8655589123867069,0.7875562649411532,1.3837519999942742,0.0010168000007979572,1195.68359375
70/30,43,OVO_GD,1,0.9000751314800901,0.8977659850833893,2.3308258000179194,0.13050900003872812,1017.705078125
70/30,43,OVO_GD,2,0.8968373493975904,0.8885423200453497,2.228529800020624,0.13398280000546947,1018.0712890625
70/30,43,OVO_GD,3,0.889894419306184,0.8865547879283302,2.268015999987256,0.12881559995003045,1018.4130859375
70/30,43,OVO_GD,4,0.898036253776435,0.8902874391526379,2.2070568000199273,0.1288160000112839,1019.3291015625
70/30,43,OVO_GD,5,0.9070996978851964,0.8991955575735039,2.228475499956403,0.13405200000852346,1018.4150390625
70/30,43,Softmax_GD,1,0.8835462058602555,0.8774313161567775,0.5470879999920726,0.0003541000187397003,2940.265625
70/30,43,Softmax_GD,2,0.8817771084337349,0.8722595808239045,0.537895200017374,0.0003874999820254743,2941.90625
70/30,43,Softmax_GD,3,0.8770739064856712,0.8699301549817372,0.5428583999746479,0.00032890000147745013,2942.984375
70/30,43,Softmax_GD,4,0.8761329305135952,0.8667224569742962,0.5391830999869853,0.0003389000194147229,2944.0625
70/30,43,Softmax_GD,5,0.8919939577039275,0.8819939055572225,0.5399833000265062,0.0004799999878741801,2944.0625
70/30,43,LDA,1,0.9158527422990232,0.9302993180845401,0.004076400015037507,0.24532469996483997,495.640625
70/30,43,LDA,2,0.9066265060240963,0.9252839688008507,0.0033728000125847757,0.24096859997371212,495.515625
70/30,43,LDA,3,0.8838612368024132,0.9065282871118793,0.0036442999844439328,0.2423811000189744,495.765625
70/30,43,LDA,4,0.8957703927492447,0.9148422874724872,0.0034134999732486904,0.24724689999129623,495.890625
70/30,43,LDA,5,0.9070996978851964,0.9215049209319276,0.004078399972058833,0.24134950002189726,495.890625
70/30,43,QDA,1,0.9166040570999249,0.9369805892472415,0.005519300000742078,0.2150889000040479,506.61328125
70/30,43,QDA,2,0.8968373493975904,0.9170782342351605,0.00407000002451241,0.20790659997146577,506.5966796875
70/30,43,QDA,3,0.8951734539969834,0.9172418633505153,0.004074700002092868,0.20517109998036176,506.6630859375
70/30,43,QDA,4,0.8882175226586103,0.9125686927614248,0.004314000019803643,0.20914480002829805,506.8798828125
70/30,43,QDA,5,0.904833836858006,0.9225564953767398,0.004081599996425211,0.20840190001763403,506.7880859375
70/30,43,GNB,1,0.898572501878287,0.907740245213661,0.005037599999923259,0.0013749999925494194,730.34375
70/30,43,GNB,2,0.9051204819277109,0.9161481172335125,0.004332899989094585,0.0012521999888122082,730.71875
70/30,43,GNB,3,0.8929110105580694,0.9075932134134836,0.004824600007850677,0.001438800012692809,730.9921875
70/30,43,GNB,4,0.8972809667673716,0.9074191093877528,0.005342299991752952,0.0013170000165700912,731.2421875
70/30,43,GNB,5,0.9040785498489426,0.9116158168934982,0.004717200004961342,0.0012117000296711922,731.2421875
70/30,44,OVR_GD,1,0.8489857250187829,0.7888810348853292,1.3595001999638043,0.0010180000099353492,1194.2109375
70/30,44,OVR_GD,2,0.865210843373494,0.8078090577053786,1.3687750999815762,0.0010316999978385866,1194.85546875
70/30,44,OVR_GD,3,0.8552036199095022,0.7813149365139178,1.3620147000183351,0.001123499998357147,1195.26953125
70/30,44,OVR_GD,4,0.8738670694864048,0.787066567175706,1.361741000029724,0.001116700004786253,1195.68359375
70/30,44,OVR_GD,5,0.8512084592145015,0.763464696236851,1.3557543000206351,0.0012075999984517694,1195.68359375
70/30,44,OVO_GD,1,0.8925619834710744,0.892638477227688,2.228805399965495,0.13025559997186065,1017.705078125
70/30,44,OVO_GD,2,0.8960843373493976,0.8877440985849632,2.2400884999660775,0.13301550003234297,1018.0712890625
70/30,44,OVO_GD,3,0.8883861236802413,0.878080364633426,2.2877614000462927,0.13542320003034547,1018.4130859375
70/30,44,OVO_GD,4,0.9131419939577039,0.9107440917825199,2.2204950000159442,0.127296699967701,1019.0478515625
70/30,44,OVO_GD,5,0.8972809667673716,0.8958270917386227,2.2411666000261903,0.1309694000519812,1018.4150390625
70/30,44,Softmax_GD,1,0.8782870022539444,0.8748325332248442,0.5425519000273198,0.0003599999472498894,2940.265625
70/30,44,Softmax_GD,2,0.8825301204819277,0.8735269181462241,0.5402721999562345,0.00035660003777593374,2941.90625
70/30,44,Softmax_GD,3,0.8748114630467572,0.8666181319542037,0.5401062000310048,0.0003407999756745994,2942.984375
70/30,44,Softmax_GD,4,0.9003021148036254,0.9010158221827138,0.5431515000527725,0.0003619000199250877,2944.0625
70/30,44,Softmax_GD,5,0.8806646525679759,0.8748656614623181,0.5402741999714635,0.0003381000133231282,2944.0625
70/30,44,LDA,1,0.8948159278737791,0.9160261242163595,0.003251700021792203,0.24597570003243163,495.640625
70/30,44,LDA,2,0.8945783132530121,0.9111296775668766,0.0034651000169105828,0.24299129995051771,495.515625
70/30,44,LDA,3,0.8981900452488688,0.9213524162787043,0.004104899999219924,0.24500409996835515,495.765625
70/30,44,LDA,4,0.9131419939577039,0.9296665893703306,0.004316500038839877,0.24587149999570101,495.890625
70/30,44,LDA,5,0.8904833836858006,0.9082251989864245,0.0035145000438205898,0.24816920002922416,495.890625
70/30,44,QDA,1,0.8948159278737791,0.9190478461838899,0.004402699996717274,0.20973080000840127,506.521484375
70/30,44,QDA,2,0.8990963855421686,0.9152596940524288,0.004061299958266318,0.20809660002123564,506.458984375
70/30,44,QDA,3,0.8944193061840121,0.9200993969744614,0.005750900018028915,0.20384390000253916,506.6630859375
70/30,44,QDA,4,0.8972809667673716,0.918543100437473,0.003906600002665073,0.2061948999762535,506.7880859375
70/30,44,QDA,5,0.8942598187311178,0.9114463588754493,0.004254700033925474,0.20659089996479452,506.7880859375
70/30,44,GNB,1,0.8933132982719759,0.909196049671811,0.0049724000273272395,0.0014391999575309455,730.34375
70/30,44,GNB,2,0.8870481927710844,0.8939186263592361,0.004528400022536516,0.0012459999998100102,730.71875
70/30,44,GNB,3,0.8891402714932126,0.9042465112454822,0.004510800004936755,0.0012538000009953976,730.9921875
70/30,44,GNB,4,0.9040785498489426,0.9131300370838984,0.004549499950371683,0.0012408000184223056,731.2421875
70/30,44,GNB,5,0.8882175226586103,0.8999688559895052,0.005009600019548088,0.001460599945858121,731.2421875
70/30,45,OVR_GD,1,0.8497370398196844,0.7823316649506733,1.3612602000357583,0.001012600027024746,1194.2109375
70/30,45,OVR_GD,2,0.8689759036144579,0.7747033160675306,1.3706965000019409,0.000997799972537905,1194.85546875
70/30,45,OVR_GD,3,0.8506787330316742,0.7725590467267031,1.3614232999971136,0.0010067999828606844,1195.26953125
70/30,45,OVR_GD,4,0.8655589123867069,0.777378516872776,1.3746213000267744,0.000998399977106601,1195.68359375
70/30,45,OVR_GD,5,0.8685800604229608,0.7865907793788071,1.3612862000009045,0.0011162000009790063,1195.68359375
70/30,45,OVO_GD,1,0.8850488354620586,0.8720955224985217,2.32790199998999,0.12810030003311113,1017.705078125
70/30,45,OVO_GD,2,0.9096385542168675,0.9017185372817658,2.39105080004083,0.1299412000225857,1018.0712890625
70/30,45,OVO_GD,3,0.8921568627450981,0.8887710060779668,2.4514658999978565,0.13213859999086708,1018.4130859375
70/30,45,OVO_GD,4,0.9040785498489426,0.8959094930206638,2.3310337999719195,0.1319575000088662,1019.0478515625
70/30,45,OVO_GD,5,0.9018126888217523,0.8950966353145867,2.2136241999687627,0.1280467999749817,1018.4150390625
70/30,45,Softmax_GD,1,0.8670172802404207,0.8514783720525819,0.5459940999862738,0.0003757999511435628,2940.265625
70/30,45,Softmax_GD,2,0.8990963855421686,0.8903040527518747,0.5402814999688417,0.000347800028976053,2941.90625
70/30,45,Softmax_GD,3,0.8755656108597285,0.8705486023265436,0.5406564000295475,0.0003570999833755195,2942.984375
70/30,45,Softmax_GD,4,0.8874622356495468,0.8767350011961321,0.5462265000096522,0.0003510999958962202,2944.0625
70/30,45,Softmax_GD,5,0.8957703927492447,0.8900052996373463,0.5455413999734446,0.0004229999613016844,2944.0625
70/30,45,LDA,1,0.8948159278737791,0.9129732539184203,0.003818799974396825,0.2422247999929823,495.640625
70/30,45,LDA,2,0.9096385542168675,0.9255941140962218,0.004294199985451996,0.24427590001141652,495.515625
70/30,45,LDA,3,0.8951734539969834,0.9113064447704593,0.0036228999961167574,0.24605049996171147,495.765625
70/30,45,LDA,4,0.9055891238670695,0.9236330807886978,0.003326800011564046,0.24163580004824325,495.890625
70/30,45,LDA,5,0.904833836858006,0.923947475188284,0.0038917000056244433,0.24462920002406463,495.890625
70/30,45,QDA,1,0.8880540946656649,0.9112100801503956,0.005190399999264628,0.20867740001995116,506.61328125
70/30,45,QDA,2,0.9066265060240963,0.9248566642630178,0.005381800001487136,0.20254550001118332,506.55078125
70/30,45,QDA,3,0.9012066365007542,0.9171536698869399,0.004080199985764921,0.2038637999794446,506.7548828125
70/30,45,QDA,4,0.9040785498489426,0.9226611857765545,0.003882099990732968,0.20560670003760606,506.7880859375
70/30,45,QDA,5,0.8957703927492447,0.9200573901634869,0.004074099997524172,0.20985390001442283,506.8798828125
70/30,45,GNB,1,0.8797896318557475,0.8879272751948714,0.004518600006122142,0.0012534999987110496,730.34375
70/30,45,GNB,2,0.9051204819277109,0.9119683405061122,0.004491599975153804,0.0012604000512510538,730.71875
70/30,45,GNB,3,0.8883861236802413,0.8976530927854495,0.004351600015070289,0.001435799989849329,730.9921875
70/30,45,GNB,4,0.9070996978851964,0.9159043598158046,0.0046319999964907765,0.0014090000186115503,731.2421875
70/30,45,GNB,5,0.9025679758308157,0.916499570731722,0.004532099992502481,0.0015343999839387834,731.2421875
70/30,46,OVR_GD,1,0.8617580766341096,0.7906404896944929,1.3632635999820195,0.0009852999937720597,1194.2109375
70/30,46,OVR_GD,2,0.8569277108433735,0.7807986896364019,1.7294205999933183,0.0010043000220321119,1194.85546875
70/30,46,OVR_GD,3,0.8544494720965309,0.7778175858883364,1.5290360000217333,0.0017171999788843095,1195.26953125
70/30,46,OVR_GD,4,0.8602719033232629,0.772241898470831,1.4787091999896802,0.0011180999572388828,1195.68359375
70/30,46,OVR_GD,5,0.8564954682779456,0.7854287061041926,1.4168733000406064,0.001027700025588274,1196.31640625
70/30,46,OVO_GD,1,0.8993238166791886,0.8952644872022878,2.294494899979327,0.13179730001138523,1017.705078125
70/30,46,OVO_GD,2,0.8953313253012049,0.8827199855843618,2.2821136999991722,0.1311202000360936,1018.0712890625
70/30,46,OVO_GD,3,0.8936651583710408,0.8865648279710013,2.2044333000085317,0.13001119997352362,1018.4130859375
70/30,46,OVO_GD,4,0.8965256797583081,0.8942539217253956,2.2053096999879926,0.12899699999252334,1018.4150390625
70/30,46,OVO_GD,5,0.8965256797583081,0.8824353957179146,2.1924141000490636,0.1318570000003092,1018.4150390625
70/30,46,Softmax_GD,1,0.8895567242674681,0.8843063753078998,0.530801699962467,0.00035119999665766954,2940.265625
70/30,46,Softmax_GD,2,0.8795180722891566,0.865342379522538,0.5391252000117674,0.000332099967636168,2941.90625
70/30,46,Softmax_GD,3,0.8823529411764706,0.8729359738832697,0.5379946999601088,0.0003476000274531543,2942.984375
70/30,46,Softmax_GD,4,0.8814199395770392,0.8763394767742662,0.5359214000054635,0.00034229998709633946,2944.0625
70/30,46,Softmax_GD,5,0.8844410876132931,0.8731370156158523,0.5382645999779925,0.00037910003447905183,2944.0625
70/30,46,LDA,1,0.8978211870773855,0.9165213333261126,0.0035895000328309834,0.2435717000043951,495.640625
70/30,46,LDA,2,0.9096385542168675,0.9228275241540969,0.003518700017593801,0.24437639996176586,495.515625
70/30,46,LDA,3,0.8996983408748115,0.9166481802357833,0.0034652999602258205,0.24137689999770373,495.765625
70/30,46,LDA,4,0.9040785498489426,0.9240661406165571,0.003749400028027594,0.24595779995433986,495.890625
70/30,46,LDA,5,0.9055891238670695,0.9199218173771978,0.0035457999911159277,0.24841649999143556,495.890625
70/30,46,QDA,1,0.9008264462809917,0.9175531922621222,0.005735099955927581,0.2102623999817297,506.705078125
70/30,46,QDA,2,0.8945783132530121,0.9157752941715925,0.00415300001623109,0.20898599998326972,506.458984375
70/30,46,QDA,3,0.8989441930618401,0.9188629480561209,0.003878300020005554,0.2091565000009723,506.892578125
70/30,46,QDA,4,0.899546827794562,0.9227677326622422,0.004715799994301051,0.21017670002765954,506.833984375
70/30,46,QDA,5,0.9078549848942599,0.9260464091235091,0.004528900026343763,0.20648000005166978,506.7880859375
70/30,46,GNB,1,0.8888054094665665,0.9007695638065584,0.0049233000027015805,0.001394699967931956,730.34375
70/30,46,GNB,2,0.9051204819277109,0.9117928339656057,0.004821600043214858,0.0013933999580331147,730.71875
70/30,46,GNB,3,0.8891402714932126,0.8986547391017533,0.004702799953520298,0.0012663000379689038,730.9921875
70/30,46,GNB,4,0.9018126888217523,0.9153098067367481,0.005253300012554973,0.0014167999615892768,731.2421875
70/30,46,GNB,5,0.8972809667673716,0.9023685828945496,0.004627000016625971,0.0013931000139564276,731.2421875
80/20,42,OVR_GD,1,0.8624094799210007,0.7880873228425072,1.4397105000098236,0.0013755999971181154,1351.5546875
80/20,42,OVR_GD,2,0.8681608437705999,0.7796699440052243,1.441082599980291,0.001442899985704571,1351.9921875
80/20,42,OVR_GD,3,0.858085808580858,0.7843559728660975,1.4338780000107363,0.0013410999672487378,1352.40625
80/20,42,OVR_GD,4,0.862046204620462,0.7788320329971347,1.4431492000003345,0.0011764000519178808,1352.40625
80/20,42,OVR_GD,5,0.8475247524752475,0.7745242446228418,1.4467161999782547,0.0011716000153683126,1353.0390625
80/20,42,OVO_GD,1,0.9025674786043449,0.8946518638452393,2.289976399973966,0.15190229995641857,1136.373046875
80/20,42,OVO_GD,2,0.9116677653263019,0.9043547955662865,2.432064699998591,0.15151759999571368,1136.73828125
80/20,42,OVO_GD,3,0.8983498349834983,0.8919607688226477,2.522581299999729,0.15372199995908886,1137.373046875
80/20,42,OVO_GD,4,0.899009900990099,0.8914475816376026,2.4110550000332296,0.14741700002923608,1136.740234375
80/20,42,OVO_GD,5,0.8864686468646865,0.8808079914945649,2.485443599987775,0.151376599969808,1136.740234375
80/20,42,Softmax_GD,1,0.8894009216589862,0.8768569906653086,0.6071391000295989,0.00039659999310970306,3349.953125
80/20,42,Softmax_GD,2,0.8965062623599209,0.8877315878511537,0.6129515999928117,0.0003864000318571925,3351.0546875
80/20,42,Softmax_GD,3,0.8818481848184818,0.8768439403844351,0.6018991000019014,0.0003844999591819942,3352.1328125
80/20,42,Softmax_GD,4,0.8844884488448845,0.8759512760537993,0.5988471999880858,0.00040660001104697585,3352.1328125
80/20,42,Softmax_GD,5,0.8745874587458746,0.8708918943186967,0.6023495999979787,0.00038410001434385777,3352.765625
80/20,42,LDA,1,0.9111257406188282,0.9279373605591529,0.0044293999671936035,0.27830380003433675,556.765625
80/20,42,LDA,2,0.912986156888596,0.9284307424113638,0.005777499987743795,0.28104450000682846,556.640625
80/20,42,LDA,3,0.900990099009901,0.9160389002754435,0.0036575000267475843,0.2802866999991238,556.765625
80/20,42,LDA,4,0.899009900990099,0.9184720862687766,0.0036684999940916896,0.2822017999715172,556.765625
80/20,42,LDA,5,0.8844884488448845,0.9042972856446206,0.003848999971523881,0.283909699996002,556.765625
80/20,42,QDA,1,0.9091507570770243,0.9296231670031647,0.004487600002903491,0.237061400024686,567.6005859375
80/20,42,QDA,2,0.9083717864205669,0.9275617065990419,0.004384500032756478,0.2393136999453418,567.583984375
80/20,42,QDA,3,0.8976897689768977,0.9155721000212262,0.006006299983710051,0.2395496999961324,567.708984375
80/20,42,QDA,4,0.8891089108910891,0.9119021420576893,0.0050051999860443175,0.24127759999828413,567.6630859375
80/20,42,QDA,5,0.8904290429042905,0.9128851382793374,0.0042069999617524445,0.2318426000420004,567.708984375
80/20,42,GNB,1,0.9098090849242922,0.9182977300692018,0.004994100017938763,0.001359799993224442,825.34375
80/20,42,GNB,2,0.9017798286090969,0.9086203886469303,0.004843999980948865,0.0013642000267282128,825.59375
80/20,42,GNB,3,0.8924092409240925,0.8985745558332522,0.005360200011637062,0.0015279999934136868,825.8671875
80/20,42,GNB,4,0.8957095709570957,0.9104623893758751,0.005346900026779622,0.0015842999564483762,825.8671875
80/20,42,GNB,5,0.8825082508250826,0.8940841919119638,0.005262899969238788,0.0015859000268392265,825.8671875
80/20,43,OVR_GD,1,0.8518762343647136,0.7697376595561425,1.431825999985449,0.0010649000178091228,1351.5546875
80/20,43,OVR_GD,2,0.8516809492419248,0.7743230082834478,1.4331589000066742,0.0010964000248350203,1351.9921875
80/20,43,OVR_GD,3,0.8607260726072608,0.7894227097848929,1.4280077000148594,0.001067299977876246,1352.40625
80/20,43,OVR_GD,4,0.8719471947194719,0.8013954218824838,1.4455830000224523,0.0011500000255182385,1353.0859375
80/20,43,OVR_GD,5,0.8666666666666667,0.7948839254919322,1.4462375000002794,0.0011208999785594642,1352.40625
80/20,43,OVO_GD,1,0.8854509545753786,0.877414214073841,2.301390300039202,0.15169630001764745,1136.373046875
80/20,43,OVO_GD,2,0.8885959129861569,0.8745755193135369,2.2842243000050075,0.15133790002437308,1136.73828125
80/20,43,OVO_GD,3,0.8983498349834983,0.8955158598350661,2.271159500000067,0.14890339999692515,1136.740234375
80/20,43,OVO_GD,4,0.9141914191419142,0.9081505506092314,2.2584289999795146,0.15113579999888316,1136.740234375
80/20,43,OVO_GD,5,0.906930693069307,0.9038509049933154,2.352451500017196,0.15051759994821623,1136.740234375
80/20,43,Softmax_GD,1,0.8716260697827518,0.8640558485597019,0.6045401000301354,0.0005235999706201255,3357.5078125
80/20,43,Softmax_GD,2,0.8793671720500988,0.8652114636700394,0.6031370999990031,0.00039389997255057096,3351.109375
80/20,43,Softmax_GD,3,0.8838283828382838,0.8795637523443044,0.6061889000120573,0.00038889999268576503,3352.875
80/20,43,Softmax_GD,4,0.904950495049505,0.8965405012936413,0.6060806000023149,0.0003779999678954482,3352.1875
80/20,43,Softmax_GD,5,0.8831683168316832,0.8765568631960884,0.6156926999683492,0.00038729998050257564,3352.1875
80/20,43,LDA,1,0.8986175115207373,0.9132552429460167,0.003686700016260147,0.27966640004888177,556.765625
80/20,43,LDA,2,0.9030982201713909,0.9175879801978317,0.004029900010209531,0.2787928999750875,556.640625
80/20,43,LDA,3,0.9042904290429042,0.9244150172627397,0.003861700010020286,0.2818240999476984,556.765625
80/20,43,LDA,4,0.9148514851485149,0.9290839505911482,0.003862000012304634,0.28203010000288486,556.765625
80/20,43,LDA,5,0.8957095709570957,0.9189058606215673,0.00411879998864606,0.2802938999957405,556.765625
80/20,43,QDA,1,0.9032258064516129,0.9208822696143238,0.005483300017658621,0.23969939997186884,567.830078125
80/20,43,QDA,2,0.9017798286090969,0.9180141274473314,0.00445369997760281,0.23643310001352802,567.767578125
80/20,43,QDA,3,0.8930693069306931,0.9183182964203115,0.004892800003290176,0.23557150003034621,567.6630859375
80/20,43,QDA,4,0.9115511551155115,0.9314479339430238,0.004259100009221584,0.24032949999673292,567.892578125
80/20,43,QDA,5,0.904950495049505,0.9273055533234371,0.006475300004240125,0.23727330000838265,567.6630859375
80/20,43,GNB,1,0.9005924950625411,0.9072572255298991,0.005121499998494983,0.0013876999728381634,825.34375
80/20,43,GNB,2,0.8899143045484509,0.894191245909025,0.005357599991839379,0.001506500004325062,825.59375
80/20,43,GNB,3,0.899009900990099,0.9107604978045901,0.0051457000081427395,0.0015981000033207238,825.8671875
80/20,43,GNB,4,0.9148514851485149,0.9234485607516563,0.005319799995049834,0.0016007000231184065,825.8671875
80/20,43,GNB,5,0.8930693069306931,0.9102616043503815,0.00532050000037998,0.0016200999962165952,825.8671875
80/20,44,OVR_GD,1,0.8709677419354839,0.8090657083749372,1.4105348999728449,0.0011924999998882413,1351.8359375
80/20,44,OVR_GD,2,0.8576137112722478,0.7838090297389121,1.396739299991168,0.0010806000209413469,1352.2734375
80/20,44,OVR_GD,3,0.8534653465346534,0.7734832033830964,1.4297084999852814,0.0010955999605357647,1353.3203125
80/20,44,OVR_GD,4,0.8633663366336634,0.793647949036074,1.4123317999765277,0.0013090000138618052,1352.6875
80/20,44,OVR_GD,5,0.8541254125412542,0.77192007346752,1.4757981000002474,0.0010525999823585153,1352.6875
80/20,44,OVO_GD,1,0.9098090849242922,0.9037962582838841,2.20744809997268,0.1580495000234805,1137.169921875
80/20,44,OVO_GD,2,0.8925510876730389,0.889368803128001,2.214008199982345,0.15393410000251606,1138.44921875
80/20,44,OVO_GD,3,0.8884488448844885,0.8825683256616097,2.3313600000110455,0.14964389998931438,1137.537109375
80/20,44,OVO_GD,4,0.8924092409240925,0.8904870568248606,2.3780891000060365,0.14845420001074672,1137.537109375
80/20,44,OVO_GD,5,0.9003300330033003,0.8919446933354801,2.3825530000030994,0.15125100000295788,1137.537109375
80/20,44,Softmax_GD,1,0.8926925608953259,0.8860859428109933,0.6143251999747008,0.00038490002043545246,3349.953125
80/20,44,Softmax_GD,2,0.8780487804878049,0.871747201993219,0.6190611000056379,0.00037859997246414423,3351.6875
80/20,44,Softmax_GD,3,0.8765676567656766,0.8676708617921005,0.6176479000132531,0.0003983000060543418,3352.1328125
80/20,44,Softmax_GD,4,0.8844884488448845,0.8822888092081493,0.6416631999891251,0.0004422999918460846,3352.1328125
80/20,44,Softmax_GD,5,0.8798679867986798,0.8691326363781453,0.6189887000364251,0.0003697999636642635,3352.1328125
80/20,44,LDA,1,0.9117840684660962,0.9294523202336341,0.004827400029171258,0.2769755000481382,556.765625
80/20,44,LDA,2,0.8925510876730389,0.9135542221324309,0.005405000003520399,0.27791780000552535,556.640625
80/20,44,LDA,3,0.8943894389438944,0.9132100144629275,0.0041269000503234565,0.28067400003783405,556.765625
80/20,44,LDA,4,0.8950495049504951,0.9143934386807173,0.003921600000467151,0.27860449999570847,556.765625
80/20,44,LDA,5,0.906930693069307,0.9231839079412069,0.003777200006879866,0.2735108000342734,556.765625
80/20,44,QDA,1,0.9012508229098091,0.9210924222944197,0.004539600049611181,0.23149440000997856,567.830078125
80/20,44,QDA,2,0.8971654581410679,0.916718029008163,0.004379200050607324,0.23883879999630153,567.583984375
80/20,44,QDA,3,0.8871287128712871,0.9108317015331765,0.004509799997322261,0.2404376000049524,567.6630859375
80/20,44,QDA,4,0.8897689768976897,0.9132344489503882,0.00506860000314191,0.24071400001412258,567.708984375
80/20,44,QDA,5,0.906930693069307,0.9229968077196353,0.004421899968292564,0.24141489999601617,567.6630859375
80/20,44,GNB,1,0.9032258064516129,0.9118090517764212,0.0056176999933086336,0.001487000030465424,825.34375
80/20,44,GNB,2,0.8885959129861569,0.9003132825756296,0.005161500012036413,0.0014375000027939677,825.59375
80/20,44,GNB,3,0.8798679867986798,0.8911444492157229,0.0049297999939881265,0.0014304000069387257,825.8671875
80/20,44,GNB,4,0.899009900990099,0.912014135028585,0.005417299980763346,0.0013959999778307974,825.8671875
80/20,44,GNB,5,0.9003300330033003,0.9095977124838882,0.004806399985682219,0.00134830002207309,825.8671875
80/20,45,OVR_GD,1,0.8630678077682686,0.7811689289264018,1.4206774000194855,0.0011373000452294946,1351.8359375
80/20,45,OVR_GD,2,0.8562953197099539,0.772009708722978,1.4083501999848522,0.0010689999908208847,1353.0234375
80/20,45,OVR_GD,3,0.8488448844884489,0.7820419074071607,1.422980900038965,0.0010600999812595546,1352.6875
80/20,45,OVR_GD,4,0.8607260726072608,0.7869170789218378,1.4673647000454366,0.001045699988026172,1352.6875
80/20,45,OVR_GD,5,0.8679867986798679,0.7761882887753587,1.4297745000221767,0.0011179999564774334,1352.6875
80/20,45,OVO_GD,1,0.9025674786043449,0.8909812718638437,2.2095922000007704,0.1472838000045158,1137.169921875
80/20,45,OVO_GD,2,0.8991430454845089,0.8920297969934771,2.2086264000390656,0.15275430004112422,1138.16796875
80/20,45,OVO_GD,3,0.8891089108910891,0.8812885090950898,2.2164550999877974,0.1460776999592781,1137.537109375
80/20,45,OVO_GD,4,0.902970297029703,0.8993399581099232,2.21501129999524,0.15314229996874928,1137.537109375
80/20,45,OVO_GD,5,0.8996699669966997,0.891945169060015,2.215582099976018,0.14867429999867454,1137.537109375
80/20,45,Softmax_GD,1,0.8926925608953259,0.884572315885381,0.6026985999778844,0.00039110000943765044,3350.65625
80/20,45,Softmax_GD,2,0.8826631509558339,0.8721648409740944,0.604436399997212,0.000388299988117069,3351.0546875
80/20,45,Softmax_GD,3,0.8732673267326733,0.8621227251781783,0.6089087000000291,0.0004017999744974077,3352.1328125
80/20,45,Softmax_GD,4,0.8864686468646865,0.8840091133377325,0.6044357999926433,0.0003918000147677958,3352.1328125
80/20,45,Softmax_GD,5,0.8864686468646865,0.8758410041638781,0.6031272999825887,0.0003853000234812498,3352.1328125
80/20,45,LDA,1,0.9124423963133641,0.928711339297788,0.00384340004529804,0.27563470002496615,556.765625
80/20,45,LDA,2,0.8965062623599209,0.9137544919919113,0.004514999978709966,0.2749032999854535,556.640625
80/20,45,LDA,3,0.8937293729372937,0.9099770068279872,0.0045627999934367836,0.275283099967055,556.765625
80/20,45,LDA,4,0.9036303630363036,0.9240051420756162,0.003780699975322932,0.2758744999882765,556.765625
80/20,45,LDA,5,0.9036303630363036,0.9215525439786326,0.0037518999888561666,0.2783861000207253,556.765625
80/20,45,QDA,1,0.9071757735352205,0.9248339114203625,0.006875099963508546,0.23622840002644807,567.830078125
80/20,45,QDA,2,0.8978246539222149,0.9171324289270923,0.004540400055702776,0.24189669999759644,567.767578125
80/20,45,QDA,3,0.897029702970297,0.9159325510069124,0.004539299989119172,0.23876719997497275,567.6630859375
80/20,45,QDA,4,0.9016501650165016,0.9238005788212825,0.004332599986810237,0.23980679997475818,567.892578125
80/20,45,QDA,5,0.9036303630363036,0.9245573009665226,0.004593399993609637,0.2373294000281021,567.708984375
80/20,45,GNB,1,0.9111257406188282,0.917635805128444,0.004875399987213314,0.0014204999897629023,825.34375
80/20,45,GNB,2,0.8958470665787739,0.902057217094078,0.004963900020811707,0.0013886999804526567,825.59375
80/20,45,GNB,3,0.8844884488448845,0.8964946943849995,0.005024799960665405,0.001338199945166707,825.8671875
80/20,45,GNB,4,0.897029702970297,0.910234732481538,0.0052007000194862485,0.0013232000055722892,825.8671875
80/20,45,GNB,5,0.8930693069306931,0.9014790833952012,0.005297800002153963,0.0014936000225134194,825.8671875
80/20,46,OVR_GD,1,0.8525345622119815,0.7661788558781826,1.4298422999563627,0.001057000015862286,1351.8359375
80/20,46,OVR_GD,2,0.8510217534607778,0.7628133537421534,1.411059900012333,0.0010739999706856906,1352.9609375
80/20,46,OVR_GD,3,0.8613861386138614,0.7784077313252622,1.4188466999912634,0.001123499998357147,1352.6875
80/20,46,OVR_GD,4,0.8673267326732673,0.7886380484483864,1.4715309999883175,0.00135119998594746,1352.6875
80/20,46,OVR_GD,5,0.862046204620462,0.7927058369487751,1.4121618999633938,0.0011770999990403652,1352.6875
80/20,46,OVO_GD,1,0.8900592495062541,0.887723357596558,2.2155274999677204,0.1557596999919042,1137.169921875
80/20,46,OVO_GD,2,0.8978246539222149,0.8942009804439062,2.222983000043314,0.14733499998692423,1137.53515625
80/20,46,OVO_GD,3,0.9016501650165016,0.891202960333852,2.212828299961984,0.14840469998307526,1137.537109375
80/20,46,OVO_GD,4,0.8976897689768977,0.8845426285311351,2.228428200003691,0.15024709998397157,1137.537109375
80/20,46,OVO_GD,5,0.8950495049504951,0.8862666592428834,2.3492417999659665,0.15417580003850162,1137.537109375
80/20,46,Softmax_GD,1,0.8736010533245556,0.8663578045896667,0.6212267000228167,0.0004192999913357198,3349.953125
80/20,46,Softmax_GD,2,0.8859591298615689,0.8802066670342714,0.6252772000152618,0.0003852999652735889,3351.0546875
80/20,46,Softmax_GD,3,0.8864686468646865,0.8763712286134184,0.6245443999650888,0.0003875000402331352,3352.1328125
80/20,46,Softmax_GD,4,0.8877887788778878,0.8740575934608042,0.6040752999833785,0.0004031999851576984,3352.1328125
80/20,46,Softmax_GD,5,0.8858085808580858,0.8781825137803315,0.6265618000179529,0.00039980001747608185,3352.1328125
80/20,46,LDA,1,0.8992758393680053,0.9185526122226159,0.006274299987126142,0.2790757999755442,556.765625
80/20,46,LDA,2,0.8965062623599209,0.9147715332422687,0.003618700022343546,0.2835456999600865,556.640625
80/20,46,LDA,3,0.9148514851485149,0.9308248499523544,0.00616639998042956,0.27616750000743195,556.765625
80/20,46,LDA,4,0.8983498349834983,0.9139364322788329,0.00476029998390004,0.2869048999855295,556.765625
80/20,46,LDA,5,0.900990099009901,0.9169832170304586,0.006140300014521927,0.27466480003204197,556.765625
80/20,46,QDA,1,0.8973008558262014,0.9189245723720335,0.007141100009903312,0.24436800001421943,567.830078125
80/20,46,QDA,2,0.8879367172050099,0.9092351078324351,0.006697000004351139,0.23411890002898872,567.583984375
80/20,46,QDA,3,0.9056105610561056,0.9269168151707979,0.004344800021499395,0.23798500001430511,567.6630859375
80/20,46,QDA,4,0.906930693069307,0.9255450537363953,0.006634199991822243,0.24191759998211637,567.80078125
80/20,46,QDA,5,0.8996699669966997,0.9212411214521425,0.004414600029122084,0.23673629999393597,567.6630859375
80/20,46,GNB,1,0.9045424621461488,0.9154665077483413,0.005432899983134121,0.0014418000355362892,825.34375
80/20,46,GNB,2,0.8938694792353329,0.9061225427046166,0.00533519999589771,0.0014722999767400324,825.59375
80/20,46,GNB,3,0.9036303630363036,0.9114767455998395,0.005316399969160557,0.0016195999924093485,825.8671875
80/20,46,GNB,4,0.8996699669966997,0.9059142501258376,0.005279300035908818,0.0013652000343427062,825.8671875
80/20,46,GNB,5,0.8851485148514852,0.8940452961856691,0.00505680002970621,0.0013975999900139868,825.8671875
