split,seed,model,sigma,f1_macro,f1_drop,fit_time_s,predict_time_s,peak_mem_kb
60/40,42,OVR_GD,0.0,0.7838988947277844,0.0,1.6009899000055157,0.0016405999776907265,1276.0
60/40,42,OVR_GD,0.1,0.7799598068800112,0.003939087847773193,1.412368899967987,0.0019067000248469412,1274.640625
60/40,42,OVR_GD,0.5,0.6857208075696263,0.09817808715815812,1.398038900049869,0.0019039999460801482,1273.953125
60/40,42,OVR_GD,1.0,0.5544958444879479,0.22940305023983654,1.43856479995884,0.001854300033301115,1273.953125
60/40,42,OVO_GD,0.0,0.8918242594074945,0.0,2.2734448999981396,0.4073305000201799,1078.310546875
60/40,42,OVO_GD,0.1,0.8876590207662486,0.004165238641245961,2.217917400004808,0.3852732000523247,1078.373046875
60/40,42,OVO_GD,0.5,0.7805620907047751,0.11126216870271943,2.192561100004241,0.39574559999164194,1078.998046875
60/40,42,OVO_GD,1.0,0.6093458388356552,0.28247842057183936,2.168317199975718,0.3873184999683872,1078.333984375
60/40,42,Softmax_GD,0.0,0.8743483986058082,0.0,0.5715371000114828,0.0007298999698832631,3147.3125
60/40,42,Softmax_GD,0.1,0.8712255392148184,0.003122859390989774,0.5703748000087216,0.0007434000144712627,3147.203125
60/40,42,Softmax_GD,0.5,0.7492744687193824,0.12507392988642574,0.5674615000025369,0.0007402000483125448,3147.203125
60/40,42,Softmax_GD,1.0,0.5827520365717935,0.2915963620340146,0.565088499977719,0.0007545999833382666,3147.203125
60/40,42,LDA,0.0,0.9244242950195397,0.0,0.004103099985513836,0.7083004000014625,526.3671875
60/40,42,LDA,0.1,0.37983393578379865,0.5445903592357411,0.00486260000616312,0.6930779000394978,526.34375
60/40,42,LDA,0.5,0.13537526690954643,0.7890490281099933,0.0036638000165112317,0.6928873999859206,526.25
60/40,42,LDA,1.0,0.10202582921688748,0.8223984658026522,0.004204199998639524,0.7064045000006445,526.25
60/40,42,QDA,0.0,0.924038163202526,0.0,0.00437830004375428,0.5966010999982245,537.26953125
60/40,42,QDA,0.1,0.1534536686318782,0.7705844945706477,0.00442700000712648,0.5883034000289626,536.9833984375
60/40,42,QDA,0.5,0.10978100233295587,0.8142571608695701,0.0043308999738655984,0.5567411999800242,536.9208984375
60/40,42,QDA,1.0,0.11174280207459697,0.812295361127929,0.00410860002739355,0.5895917000016198,536.9208984375
60/40,42,GNB,0.0,0.904679517093995,0.0,0.005102500028442591,0.002541499969083816,1194.953125
60/40,42,GNB,0.1,0.7418169212713572,0.16286259582263773,0.004695600015111268,0.0024262999650090933,1194.796875
60/40,42,GNB,0.5,0.5899122004902949,0.31476731660370005,0.005418000044301152,0.002590699994470924,1194.8203125
60/40,42,GNB,1.0,0.3549281968994724,0.5497513201945226,0.004713699978310615,0.0024775000056251884,1194.8671875
60/40,43,OVR_GD,0.0,0.7781144421128978,0.0,1.3746866000001319,0.0017340999911539257,1273.953125
60/40,43,OVR_GD,0.1,0.7717289274281205,0.006385514684777327,1.368488400010392,0.0015719999792054296,1273.953125
60/40,43,OVR_GD,0.5,0.6755433908401501,0.10257105127274768,1.3616295999963768,0.0016095000319182873,1273.953125
60/40,43,OVR_GD,1.0,0.5602632504119064,0.21785119170099143,1.3765102999750525,0.0015891999937593937,1273.9765625
60/40,43,OVO_GD,0.0,0.894193282905151,0.0,2.4403717000386678,0.35962770000332966,1078.357421875
60/40,43,OVO_GD,0.1,0.8907367102743067,0.0034565726308443123,2.282637500029523,0.3792853999766521,1078.966796875
60/40,43,OVO_GD,0.5,0.7689891558647651,0.12520412704038586,2.4935638000024483,0.4283539999742061,1078.333984375
60/40,43,OVO_GD,1.0,0.6297181724402229,0.2644751104649281,2.7135507999919355,0.38174839998828247,1078.333984375
60/40,43,Softmax_GD,0.0,0.8744806370915897,0.0,0.6454436999629252,0.0009693999891169369,3147.2265625
60/40,43,Softmax_GD,0.1,0.8688821561023834,0.005598480989206345,0.7092334000044502,0.0012919000000692904,3147.203125
60/40,43,Softmax_GD,0.5,0.7545109075834742,0.11996972950811557,0.7876114000100642,0.0008421000093221664,3147.8359375
60/40,43,Softmax_GD,1.0,0.5999733642308746,0.2745072728607152,0.7511318000033498,0.0008806000114418566,3147.203125
60/40,43,LDA,0.0,0.9210971894228924,0.0,0.003753800003323704,0.7494677999638952,526.3671875
60/40,43,LDA,0.1,0.38250686986383803,0.5385903195590545,0.010315300023648888,0.7367216999991797,526.34375
60/40,43,LDA,0.5,0.13850001211551752,0.7825971773073749,0.00676499999826774,0.7066516000195406,526.25
60/40,43,LDA,1.0,0.11227456506926606,0.8088226243536264,0.0036554000107571483,0.7393806999898516,526.25
60/40,43,QDA,0.0,0.9212500977400505,0.0,0.0066488999873399734,0.6254711999790743,537.1318359375
60/40,43,QDA,0.1,0.14079980706247391,0.7804502906775765,0.0043320999830029905,0.7060209999908693,536.9833984375
60/40,43,QDA,0.5,0.10617374060974798,0.8150763571303026,0.005269099958240986,0.7633305999916047,536.9208984375
60/40,43,QDA,1.0,0.10728226570329939,0.8139678320367512,0.006928599963430315,0.7048093000194058,536.9208984375
60/40,43,GNB,0.0,0.9036134349871402,0.0,0.0061086000059731305,0.0032284000189974904,1194.953125
60/40,43,GNB,0.1,0.7429810728480508,0.16063236213908938,0.005957100016530603,0.004036600003018975,1194.796875
60/40,43,GNB,0.5,0.6069356890132729,0.2966777459738673,0.006181299977470189,0.0025266000302508473,1194.8203125
60/40,43,GNB,1.0,0.354720864024239,0.5488925709629011,0.0059634000062942505,0.0024477000115439296,1194.8671875
60/40,44,OVR_GD,0.0,0.7735606340431872,0.0,1.497140199993737,0.001608499966096133,1273.953125
60/40,44,OVR_GD,0.1,0.7731756665975474,0.00038496744563976115,1.4711926999734715,0.0016577999922446907,1273.953125
60/40,44,OVR_GD,0.5,0.6827512285112795,0.09080940553190775,1.4178714000154287,0.0016136000049300492,1273.953125
60/40,44,OVR_GD,1.0,0.5215684992140702,0.251992134829117,1.4082292000530288,0.0016886999947018921,1273.9765625
60/40,44,OVO_GD,0.0,0.8819655149596899,0.0,2.2431153000216,0.38630640000337735,1078.990234375
60/40,44,OVO_GD,0.1,0.87718188016413,0.004783634795559877,2.2759123999858275,0.36567339999601245,1078.333984375
60/40,44,OVO_GD,0.5,0.7874312787074816,0.09453423625220825,2.2593879000050947,0.37721760000567883,1078.333984375
60/40,44,OVO_GD,1.0,0.592639638543999,0.28932587641569085,2.3473884999984875,0.44835399999283254,1078.333984375
60/40,44,Softmax_GD,0.0,0.869528682326766,0.0,0.5856125999707729,0.0008496000082232058,3147.2265625
60/40,44,Softmax_GD,0.1,0.8708951659079051,-0.0013664835811391107,0.580203999998048,0.0007280000136233866,3147.8359375
60/40,44,Softmax_GD,0.5,0.7618794195062207,0.10764926282054521,0.5851556999841705,0.0007556999917142093,3147.203125
60/40,44,Softmax_GD,1.0,0.5614754698103311,0.3080532125164348,0.5813914000173099,0.000762399984523654,3147.203125
60/40,44,LDA,0.0,0.9200384398057224,0.0,0.003424299997277558,0.7276298000360839,526.3671875
60/40,44,LDA,0.1,0.37097032895762244,0.5490681108480999,0.003904000041075051,0.7063914000173099,526.34375
60/40,44,LDA,0.5,0.13923959273102257,0.7807988470746998,0.004154800029937178,0.7164060000213794,526.25
60/40,44,LDA,1.0,0.11007605445454229,0.8099623853511801,0.004190500010736287,0.7037120000459254,526.25
60/40,44,QDA,0.0,0.9208824286829392,0.0,0.00466109998524189,0.5911675000097603,537.2236328125
60/40,44,QDA,0.1,0.1379764584610577,0.7829059702218816,0.004517800000030547,0.581948300008662,536.9833984375
60/40,44,QDA,0.5,0.09957206869308625,0.821310359989853,0.004466900019906461,0.5742878000019118,536.9208984375
60/40,44,QDA,1.0,0.09732947254895087,0.8235529561339884,0.004531200043857098,0.5811346000409685,536.966796875
60/40,44,GNB,0.0,0.9067132045735834,0.0,0.004640200000721961,0.0027495999820530415,1194.953125
60/40,44,GNB,0.1,0.7436929514964745,0.16302025307710888,0.004824899951927364,0.0025168000138364732,1194.796875
60/40,44,GNB,0.5,0.593790059889887,0.3129231446836964,0.005257700046058744,0.0024026999599300325,1194.8203125
60/40,44,GNB,1.0,0.33415312500206096,0.5725600795715224,0.00531889998819679,0.0026163000147789717,1194.8671875
60/40,45,OVR_GD,0.0,0.7759349401271648,0.0,1.4002922999789007,0.0016264000441879034,1273.953125
60/40,45,OVR_GD,0.1,0.7672495776529656,0.008685362474199154,1.3942312999861315,0.0016095999744720757,1273.953125
60/40,45,OVR_GD,0.5,0.6811366512870654,0.09479828884009944,1.4027495000045747,0.0018172000418417156,1274.5859375
60/40,45,OVR_GD,1.0,0.5383032472058591,0.2376316929213057,1.4519664999679662,0.0017444000113755465,1273.9765625
60/40,45,OVO_GD,0.0,0.8937963342567282,0.0,2.2376100999535993,0.37737110001035035,1078.357421875
60/40,45,OVO_GD,0.1,0.8888712636656546,0.00492507059107361,2.213325899967458,0.3774703000090085,1078.333984375
60/40,45,OVO_GD,0.5,0.7967218197327445,0.09707451452398375,2.2307934999698773,0.3659701999858953,1078.333984375
60/40,45,OVO_GD,1.0,0.602817992243707,0.2909783420130212,2.2789961000089534,0.368368899973575,1078.333984375
60/40,45,Softmax_GD,0.0,0.8792648225807481,0.0,0.5820566000184044,0.0007689999765716493,3147.2265625
60/40,45,Softmax_GD,0.1,0.8664525333439828,0.012812289236765362,0.583904099999927,0.0008489000028930604,3147.203125
60/40,45,Softmax_GD,0.5,0.7662212545359581,0.11304356804478999,0.5805684999795631,0.0007717999978922307,3147.203125
60/40,45,Softmax_GD,1.0,0.5702492162770225,0.3090156063037256,0.585797400039155,0.0007417999440804124,3147.203125
60/40,45,LDA,0.0,0.9226528919955089,0.0,0.004222599964123219,0.6945928999921307,526.3671875
60/40,45,LDA,0.1,0.3766225057484617,0.5460303862470473,0.0036235000006854534,0.7019853999954648,526.34375
60/40,45,LDA,0.5,0.14208676656063207,0.7805661254348768,0.0037116999737918377,0.6867239999701269,526.25
60/40,45,LDA,1.0,0.12007843383516814,0.8025744581603408,0.004137000010814518,0.6800186000182293,526.25
60/40,45,QDA,0.0,0.9200013043973608,0.0,0.004465400008484721,0.5835662999888882,537.1318359375
60/40,45,QDA,0.1,0.15241998848596497,0.7675813159113959,0.004282899957615882,0.5673321000067517,536.9833984375
60/40,45,QDA,0.5,0.12496501132791005,0.7950362930694508,0.004233899991959333,0.5833090999512933,537.0126953125
60/40,45,QDA,1.0,0.11357696684230216,0.8064243375550587,0.0047957999631762505,0.5746001999941655,536.9208984375
60/40,45,GNB,0.0,0.9062479816772596,0.0,0.004731799999717623,0.002500500006135553,1194.953125
60/40,45,GNB,0.1,0.741780984171558,0.1644669975057016,0.0046799000119790435,0.0026481999666430056,1194.796875
60/40,45,GNB,0.5,0.5895767299619458,0.31667125171531385,0.004808900004718453,0.002438900002744049,1194.8203125
60/40,45,GNB,1.0,0.3350830764159968,0.5711649052612628,0.004670499998610467,0.0024151999969035387,1194.8671875
60/40,46,OVR_GD,0.0,0.7791737194852518,0.0,1.4180012999568135,0.0016244000289589167,1273.671875
60/40,46,OVR_GD,0.1,0.7682833382860446,0.010890381199207266,1.5406075000064448,0.0020229999790899456,1273.671875
60/40,46,OVR_GD,0.5,0.6860905539498978,0.093083165535354,1.4827693999977782,0.0018275000038556755,1273.671875
60/40,46,OVR_GD,1.0,0.5404707778076882,0.23870294167756367,1.5112328000250272,0.0016565999831072986,1273.6953125
60/40,46,OVO_GD,0.0,0.8929819517009009,0.0,2.4785573999979533,0.3733819000190124,1077.560546875
60/40,46,OVO_GD,0.1,0.8869009343947506,0.006081017306150294,2.4646728999796323,0.379437500028871,1078.169921875
60/40,46,OVO_GD,0.5,0.78883540736004,0.1041465443408609,2.291681599977892,0.37113509996561334,1077.537109375
60/40,46,OVO_GD,1.0,0.5959977657507863,0.29698418595011455,2.277629700023681,0.3672647000057623,1077.537109375
60/40,46,Softmax_GD,0.0,0.8721983464538806,0.0,0.5805392999900505,0.0008954000077210367,3147.2265625
60/40,46,Softmax_GD,0.1,0.8705360831195862,0.0016622633342944226,0.5768668000237085,0.000769199978094548,3147.203125
60/40,46,Softmax_GD,0.5,0.7565383037089465,0.11566004274493413,0.581659099960234,0.0007456999737769365,3147.203125
60/40,46,Softmax_GD,1.0,0.5629011891706296,0.309297157283251,0.5781245999969542,0.0007680000271648169,3147.203125
60/40,46,LDA,0.0,0.9166885441057351,0.0,0.0038431999855674803,0.7009187000221573,527.0
60/40,46,LDA,0.1,0.36682887531027697,0.5498596687954581,0.0036675999872386456,0.6874339000205509,526.34375
60/40,46,LDA,0.5,0.13748579117971568,0.7792027529260194,0.0036912999930791557,0.688259799964726,526.25
60/40,46,LDA,1.0,0.11962748885775089,0.7970610552479842,0.004905999987386167,0.687149400007911,526.25
60/40,46,QDA,0.0,0.9225111592144344,0.0,0.004618800012394786,0.5871042999788187,537.1318359375
60/40,46,QDA,0.1,0.14803719647242217,0.7744739627420122,0.005110900034196675,0.6407036000164226,537.029296875
60/40,46,QDA,0.5,0.11572599731383786,0.8067851619005966,0.004218299989588559,0.5749374000006355,536.966796875
60/40,46,QDA,1.0,0.09809499769467209,0.8244161615197623,0.004337700025644153,0.5790874999947846,536.966796875
60/40,46,GNB,0.0,0.8996812450744681,0.0,0.004959199985023588,0.0024812999763526022,1194.953125
60/40,46,GNB,0.1,0.7391317523435161,0.16054949273095198,0.005250800051726401,0.002547800017055124,1194.796875
60/40,46,GNB,0.5,0.6008672302120912,0.2988140148623769,0.005204199987929314,0.0025963999796658754,1194.8203125
60/40,46,GNB,1.0,0.3539214227185337,0.5457598223559343,0.005137200001627207,0.002669100009370595,1194.8671875
70/30,42,OVR_GD,0.0,0.7804589727422467,0.0,1.539957200002391,0.0014036999782547355,1469.73046875
70/30,42,OVR_GD,0.1,0.7696098938550963,0.010849078887150476,1.5284341999795288,0.0013981999945826828,1469.73046875
70/30,42,OVR_GD,0.5,0.6921586503187566,0.08830032242349017,1.5404248999548145,0.001403000031132251,1469.73046875
70/30,42,OVR_GD,1.0,0.5438491441367445,0.23660982860550228,1.5383405999746174,0.00152009999146685,1470.38671875
70/30,42,OVO_GD,0.0,0.8966398922248863,0.0,2.3776960999821313,0.27992150001227856,1225.2978515625
70/30,42,OVO_GD,0.1,0.8909998108229329,0.0056400814019533785,2.4805217999964952,0.28374849999090657,1225.2744140625
70/30,42,OVO_GD,0.5,0.7942399037977131,0.10239998842717313,2.376746199966874,0.2732263000216335,1225.2744140625
70/30,42,OVO_GD,1.0,0.6230852651634581,0.2735546270614282,2.3511250000447035,0.27263769996352494,1225.9072265625
70/30,42,Softmax_GD,0.0,0.8791231412165057,0.0,0.6591397000011057,0.0005814000032842159,3657.71875
70/30,42,Softmax_GD,0.1,0.8720983491347599,0.007024792081745779,0.6622166000306606,0.0006072000251151621,3657.6953125
70/30,42,Softmax_GD,0.5,0.7656364217419406,0.11348671947456512,0.6572943999781273,0.0006358000100590289,3657.6953125
70/30,42,Softmax_GD,1.0,0.5875530052158293,0.2915701360006764,0.6577636000001803,0.0006058000144548714,3657.6953125
70/30,42,LDA,0.0,0.9252023917640881,0.0,0.004051500000059605,0.5276520000188611,602.6171875
70/30,42,LDA,0.1,0.3775025706356819,0.5476998211284063,0.0041668000048957765,0.5175407000351697,602.59375
70/30,42,LDA,0.5,0.11548564378381533,0.8097167479802728,0.004053200013004243,0.5231118000228889,602.5
70/30,42,LDA,1.0,0.10749261725422145,0.8177097745098667,0.005051999993156642,0.5133210999774747,602.5
70/30,42,QDA,0.0,0.922001586831989,0.0,0.0046258000074885786,0.45707680005580187,613.51953125
70/30,42,QDA,0.1,0.1583811062219689,0.7636204806100201,0.005015100003220141,0.46650290000252426,613.2333984375
70/30,42,QDA,0.5,0.11391016728326837,0.8080914195487205,0.004606799979228526,0.46017350000329316,613.1708984375
70/30,42,QDA,1.0,0.10636279576552034,0.8156387910664686,0.005458800005726516,0.4538693999638781,613.1708984375
70/30,42,GNB,0.0,0.9060206822319022,0.0,0.005364099983125925,0.0025166000123135746,913.8125
70/30,42,GNB,0.1,0.7434405293890315,0.16258015284287075,0.0052064000046812,0.0019921999773941934,913.65625
70/30,42,GNB,0.5,0.6034346899983538,0.30258599223354843,0.005675800028257072,0.0022276000236161053,913.6796875
70/30,42,GNB,1.0,0.35158913274999287,0.5544315494819094,0.005536700016818941,0.0022373999818228185,913.7265625
70/30,43,OVR_GD,0.0,0.7728745576312936,0.0,1.5987301000277512,0.0015284999972209334,1469.73046875
70/30,43,OVR_GD,0.1,0.7683264085775711,0.004548149053722583,1.5334354999940842,0.0013696000096388161,1469.73046875
70/30,43,OVR_GD,0.5,0.6718083755859896,0.10106618204530404,1.5337133000139147,0.0017166000325232744,1469.73046875
70/30,43,OVR_GD,1.0,0.5478319698753742,0.22504258775591945,1.5329728999640793,0.0014043999835848808,1469.75390625
70/30,43,OVO_GD,0.0,0.8867082766296176,0.0,2.3641848000115715,0.2763971000094898,1225.2978515625
70/30,43,OVO_GD,0.1,0.8811484203921378,0.005559856237479788,2.546186799998395,0.2779015999985859,1225.9072265625
70/30,43,OVO_GD,0.5,0.7701944076826746,0.11651386894694304,2.537384999974165,0.28098689997568727,1225.2744140625
70/30,43,OVO_GD,1.0,0.6102143909220717,0.27649388570754585,2.6100257000070997,0.2845841000089422,1225.2744140625
70/30,43,Softmax_GD,0.0,0.870599888309423,0.0,0.6783419999992475,0.0006515999557450414,3657.71875
70/30,43,Softmax_GD,0.1,0.8638705168578767,0.006729371451546284,0.6766667999909259,0.0006076000281609595,3657.6953125
70/30,43,Softmax_GD,0.5,0.7344572402347593,0.1361426480746637,0.6666745000402443,0.0005954999942332506,3658.328125
70/30,43,Softmax_GD,1.0,0.5819464739175639,0.2886534143918591,0.6677502000238746,0.0007063999655656517,3657.6953125
70/30,43,LDA,0.0,0.9166600773831763,0.0,0.0039178000297397375,0.5172977999900468,602.6171875
70/30,43,LDA,0.1,0.37995685161155734,0.536703225771619,0.004154099966399372,0.5220756999915466,602.59375
70/30,43,LDA,0.5,0.13344259199616437,0.783217485387012,0.004682400031015277,0.5215312999789603,602.5
70/30,43,LDA,1.0,0.1095765505263357,0.8070835268568406,0.004177599970716983,0.5242620999924839,602.5
70/30,43,QDA,0.0,0.9147318722871379,0.0,0.005301299970597029,0.4362375999917276,613.3818359375
70/30,43,QDA,0.1,0.15600223845271574,0.7587296338344222,0.004510700004175305,0.43972839997150004,613.2333984375
70/30,43,QDA,0.5,0.10661905564269301,0.8081128166444449,0.004673799965530634,0.4394835000275634,613.2626953125
70/30,43,QDA,1.0,0.11666792215711143,0.7980639501300265,0.004708699998445809,0.44021240004803985,613.1708984375
70/30,43,GNB,0.0,0.8981900185624069,0.0,0.005724599992390722,0.002052399970125407,913.8125
70/30,43,GNB,0.1,0.731696535789658,0.1664934827727489,0.005407499964348972,0.002154799993149936,913.65625
70/30,43,GNB,0.5,0.6096324646411835,0.2885575539212234,0.005188800045289099,0.0019729999476112425,913.6796875
70/30,43,GNB,1.0,0.3503885052759625,0.5478015132864444,0.005400000023655593,0.0021724000107496977,913.7265625
70/30,44,OVR_GD,0.0,0.7740611190561076,0.0,1.525217899994459,0.0014193999813869596,1469.73046875
70/30,44,OVR_GD,0.1,0.7639235062612667,0.010137612794840933,1.546439300000202,0.00167559995315969,1469.73046875
70/30,44,OVR_GD,0.5,0.6644001695439691,0.10966094951213856,1.538748699997086,0.0014912000042386353,1470.36328125
70/30,44,OVR_GD,1.0,0.5269328330951778,0.24712828596092984,1.532444900018163,0.0014441999956034124,1469.75390625
70/30,44,OVO_GD,0.0,0.8800096568146879,0.0,2.3845662000239827,0.28737539995927364,1225.2978515625
70/30,44,OVO_GD,0.1,0.8725741304667933,0.007435526347894572,2.378580799966585,0.2754183000070043,1225.2744140625
70/30,44,OVO_GD,0.5,0.7651425625569735,0.11486709425771435,2.3764875000342727,0.2744599999859929,1225.2744140625
70/30,44,OVO_GD,1.0,0.5873041414619967,0.2927055153526912,2.440615300030913,0.27414629998384044,1225.2744140625
70/30,44,Softmax_GD,0.0,0.8666269006203129,0.0,0.6589665000210516,0.0007669000187888741,3657.71875
70/30,44,Softmax_GD,0.1,0.8638381808016024,0.002788719818710539,0.6589101999998093,0.0006818000110797584,3657.6953125
70/30,44,Softmax_GD,0.5,0.7433218390015698,0.1233050616187431,0.6601924999849871,0.0006187999970279634,3657.6953125
70/30,44,Softmax_GD,1.0,0.5603617079696901,0.3062651926506228,0.6611985999625176,0.0006073000258766115,3657.6953125
70/30,44,LDA,0.0,0.9235680034042122,0.0,0.0041723999893292785,0.522341999982018,602.6171875
70/30,44,LDA,0.1,0.3513107774943834,0.5722572259098289,0.004340200044680387,0.527874100022018,602.59375
70/30,44,LDA,0.5,0.1463593517637912,0.777208651640421,0.00398259999928996,0.5259063999983482,602.5
70/30,44,LDA,1.0,0.10744049474250093,0.8161275086617112,0.00402560003567487,0.525619900028687,602.5
70/30,44,QDA,0.0,0.9186188439430666,0.0,0.00471289997221902,0.4612076000194065,613.4736328125
70/30,44,QDA,0.1,0.14328439266781734,0.7753344512752492,0.005002199963200837,0.436066500027664,613.279296875
70/30,44,QDA,0.5,0.09337917816068197,0.8252396657823846,0.004891699994914234,0.459127800015267,613.2626953125
70/30,44,QDA,1.0,0.10208749018451169,0.8165313537585549,0.004906799993477762,0.4586577999871224,613.216796875
70/30,44,GNB,0.0,0.9099993029785349,0.0,0.005238599958829582,0.0021229999838396907,913.8125
70/30,44,GNB,0.1,0.7477363621178365,0.16226294086069848,0.005900299991481006,0.0020001999801024795,913.65625
70/30,44,GNB,0.5,0.5869256958254176,0.3230736071531173,0.005897500028368086,0.0020675999694503844,913.6796875
70/30,44,GNB,1.0,0.34256040413127203,0.567438898847263,0.0055346000008285046,0.0019616999779827893,913.7265625
70/30,45,OVR_GD,0.0,0.7779079196871248,0.0,1.5344683000002988,0.0014122000429779291,1469.73046875
70/30,45,OVR_GD,0.1,0.7678616510513668,0.010046268635757971,1.5195829999865964,0.0014038000372238457,1469.73046875
70/30,45,OVR_GD,0.5,0.6794561843577094,0.09845173532941542,1.598353400011547,0.0016911000129766762,1469.73046875
70/30,45,OVR_GD,1.0,0.5453700586802288,0.232537861006896,1.5360673000104725,0.0014063999988138676,1469.75390625
70/30,45,OVO_GD,0.0,0.8898087700622577,0.0,2.4574910000083037,0.2796712000272237,1225.2978515625
70/30,45,OVO_GD,0.1,0.8891839919425756,0.0006247781196820901,2.3662811999674886,0.27704129996709526,1225.2744140625
70/30,45,OVO_GD,0.5,0.7759852529250084,0.11382351713724925,2.367643899982795,0.27749440004117787,1225.2744140625
70/30,45,OVO_GD,1.0,0.6051341598305878,0.28467461023166984,2.516433400043752,0.28316680004354566,1225.2744140625
70/30,45,Softmax_GD,0.0,0.8735760281761007,0.0,0.6756926000234671,0.0007593999616801739,3657.71875
70/30,45,Softmax_GD,0.1,0.8707273374593679,0.0028486907167327713,0.6697418999974616,0.0007372999680228531,3657.6953125
70/30,45,Softmax_GD,0.5,0.7469255033962712,0.12665052477982952,0.6793216000078246,0.0006083999760448933,3658.328125
70/30,45,Softmax_GD,1.0,0.5733189241060855,0.30025710407001516,0.6791348000406288,0.0006021000444889069,3657.6953125
70/30,45,LDA,0.0,0.9199512412818567,0.0,0.004036099999211729,0.5247458000085317,602.6171875
70/30,45,LDA,0.1,0.3754368116367202,0.5445144296451365,0.004224899981636554,0.5261016999720596,602.59375
70/30,45,LDA,0.5,0.14111800019290657,0.7788332410889501,0.007458099978975952,0.5351058000233024,602.5
70/30,45,LDA,1.0,0.11522248428295469,0.804728756998902,0.004219800001010299,0.5313220999669284,602.5
70/30,45,QDA,0.0,0.9196807325524607,0.0,0.0049081999459303916,0.4365935000241734,613.51953125
70/30,45,QDA,0.1,0.16068564118093762,0.7589950913715231,0.00502249994315207,0.4384878000128083,613.2333984375
70/30,45,QDA,0.5,0.10628529832206976,0.813395434230391,0.005592000030446798,0.4363399999565445,613.1708984375
70/30,45,QDA,1.0,0.12380278829568636,0.7958779442567744,0.004644000029657036,0.44102159998146817,613.1708984375
70/30,45,GNB,0.0,0.9068053351494374,0.0,0.005231500021182001,0.002058400015812367,913.8125
70/30,45,GNB,0.1,0.7403017330706161,0.1665036020788213,0.00578710000263527,0.00209210003959015,913.65625
70/30,45,GNB,0.5,0.6056276949597257,0.3011776401897117,0.005243899999186397,0.0020656000124290586,913.6796875
70/30,45,GNB,1.0,0.34350248404807077,0.5633028511013667,0.005856500007212162,0.002099100034683943,913.7265625
70/30,46,OVR_GD,0.0,0.7822478451846815,0.0,1.524051700020209,0.0015401000273413956,1469.73046875
70/30,46,OVR_GD,0.1,0.7743673100751168,0.007880535109564657,1.5305505999713205,0.0013917000032961369,1469.73046875
70/30,46,OVR_GD,0.5,0.6827771332218067,0.09947071196287482,1.5354633000097238,0.0015505999908782542,1470.36328125
70/30,46,OVR_GD,1.0,0.5534777166487032,0.22877012853597833,1.5307755999965593,0.0015272999880835414,1469.75390625
70/30,46,OVO_GD,0.0,0.8976134138852244,0.0,2.3478411000105552,0.2817650999641046,1225.2978515625
70/30,46,OVO_GD,0.1,0.8859364605308595,0.011676953354364916,2.36342099995818,0.276030000008177,1225.2744140625
70/30,46,OVO_GD,0.5,0.7851985081910876,0.11241490569413681,2.3627720999647863,0.280835899990052,1225.2744140625
70/30,46,OVO_GD,1.0,0.6121189777332278,0.28549443615199666,2.39503670000704,0.2805455999914557,1225.2744140625
70/30,46,Softmax_GD,0.0,0.8832841896882215,0.0,0.6684943999862298,0.0006447000196203589,3657.71875
70/30,46,Softmax_GD,0.1,0.8747973096238434,0.008486880064378144,0.6630242000101134,0.000610099988989532,3657.6953125
70/30,46,Softmax_GD,0.5,0.75295342417458,0.13033076551364153,0.6679103000205941,0.0005963000003248453,3657.6953125
70/30,46,Softmax_GD,1.0,0.5817741371026578,0.30151005258556374,0.6627036000136286,0.0006046000053174794,3657.6953125
70/30,46,LDA,0.0,0.9183045241934413,0.0,0.00404040003195405,0.5850110000465065,602.6171875
70/30,46,LDA,0.1,0.37174163522094233,0.5465628889724989,0.003978600027039647,0.5190612999722362,602.59375
70/30,46,LDA,0.5,0.15994130496876677,0.7583632192246745,0.004345400026068091,0.5194721999578178,602.5
70/30,46,LDA,1.0,0.10877646543065901,0.8095280587627823,0.004031600023154169,0.5137411000323482,602.5
70/30,46,QDA,0.0,0.9227842481160674,0.0,0.004746199992951006,0.43451950000599027,613.5654296875
70/30,46,QDA,0.1,0.16143838118416884,0.7613458669318985,0.004793100000824779,0.4352500999812037,613.3251953125
70/30,46,QDA,0.5,0.0965179987071696,0.8262662494088978,0.004689000023063272,0.4271081000333652,613.2626953125
70/30,46,QDA,1.0,0.10850109236142254,0.8142831557546448,0.0048649999662302434,0.4371695999871008,613.2626953125
70/30,46,GNB,0.0,0.9050816809229153,0.0,0.005576299969106913,0.0021112000104039907,913.8125
70/30,46,GNB,0.1,0.742183541313623,0.16289813960929234,0.005326599988620728,0.002008599985856563,914.2890625
70/30,46,GNB,0.5,0.5818590218896459,0.3232226590332694,0.005219400045461953,0.002060999977402389,913.6796875
70/30,46,GNB,1.0,0.3424322263898973,0.5626494545330181,0.005648599995765835,0.002225100004579872,913.7265625
80/20,42,OVR_GD,0.0,0.7836708393075505,0.0,1.6384209000389092,0.0012012000079266727,1665.99609375
80/20,42,OVR_GD,0.1,0.7729149336317302,0.010755905675820299,1.6411577999824658,0.001339100010227412,1665.99609375
80/20,42,OVR_GD,0.5,0.6774943244930218,0.10617651481452872,1.63070969999535,0.0012189000262878835,1665.99609375
80/20,42,OVR_GD,1.0,0.5579083236412501,0.22576251566630046,1.6367148000281304,0.001146299997344613,1666.01953125
80/20,42,OVO_GD,0.0,0.8908392613186017,0.0,2.529266700032167,0.19138099998235703,1373.3759765625
80/20,42,OVO_GD,0.1,0.8910608143942053,-0.0002215530756035644,2.471022500016261,0.18396570003824309,1373.3525390625
80/20,42,OVO_GD,0.5,0.7788846604046371,0.11195460091396459,2.464301100000739,0.1843409999855794,1373.3525390625
80/20,42,OVO_GD,1.0,0.6052168521075465,0.2856224092110552,2.4405866999877617,0.18704279995290563,1373.3525390625
80/20,42,Softmax_GD,0.0,0.8726836377451591,0.0,0.7444482000428252,0.0004839000175707042,4168.75
80/20,42,Softmax_GD,0.1,0.8710781103203705,0.0016055274247885887,0.7401671000407077,0.00044570001773536205,4168.7265625
80/20,42,Softmax_GD,0.5,0.7636327007489715,0.10905093699618762,0.7425024999538437,0.00045950000640004873,4169.359375
80/20,42,Softmax_GD,1.0,0.5866345974035,0.2860490403416591,0.7461449999827892,0.0004545999690890312,4168.7265625
80/20,42,LDA,0.0,0.925346949954689,0.0,0.004608099989127368,0.3542349000344984,678.8671875
80/20,42,LDA,0.1,0.36898425401882934,0.5563626959358596,0.005454700032714754,0.35044680000282824,678.84375
80/20,42,LDA,0.5,0.13216612028563174,0.7931808296690572,0.00561970000853762,0.34756550000747666,678.75
80/20,42,LDA,1.0,0.10476346221962336,0.8205834877350656,0.004608999995980412,0.34643320000031963,678.75
80/20,42,QDA,0.0,0.9258064105809761,0.0,0.005157900042831898,0.30625820002751425,689.7236328125
80/20,42,QDA,0.1,0.16934860013133232,0.7564578104496438,0.005414900020696223,0.3016469000140205,689.5751953125
80/20,42,QDA,0.5,0.11778097560088442,0.8080254349800917,0.006299900007434189,0.30327800003578886,689.4208984375
80/20,42,QDA,1.0,0.125411594337366,0.8003948162436101,0.009705200034659356,0.3008182000485249,689.466796875
80/20,42,GNB,0.0,0.909238476324225,0.0,0.0058991999831050634,0.001732699980493635,1015.2734375
80/20,42,GNB,0.1,0.7398610024727105,0.16937747385151458,0.005768899980466813,0.0015031000366434455,1015.21875
80/20,42,GNB,0.5,0.5993650614214897,0.30987341490273534,0.006368899950757623,0.0016701000276952982,1015.21875
80/20,42,GNB,1.0,0.35252000204501377,0.5567184742792113,0.006389599991962314,0.0016621000249870121,1015.21875
80/20,43,OVR_GD,0.0,0.7699317968732581,0.0,1.71304030000465,0.0012882999726571143,1665.99609375
80/20,43,OVR_GD,0.1,0.7629180903184405,0.007013706554817589,1.6725925999926403,0.001202200015541166,1666.68359375
80/20,43,OVR_GD,0.5,0.6672075092358726,0.1027242876373855,1.641387100040447,0.001147200004197657,1665.99609375
80/20,43,OVR_GD,1.0,0.5282345731963045,0.24169722367695357,1.6423174000228755,0.0013511000433936715,1666.01953125
80/20,43,OVO_GD,0.0,0.8805115390069134,0.0,2.462701999989804,0.1914212999981828,1373.3759765625
80/20,43,OVO_GD,0.1,0.8820775878392614,-0.0015660488323480104,2.455986299959477,0.1894869999960065,1373.3525390625
80/20,43,OVO_GD,0.5,0.7709663252744521,0.10954521373246129,2.4696059999987483,0.18618289998266846,1373.9853515625
80/20,43,OVO_GD,1.0,0.6034172613619411,0.2770942776449723,2.4613628999795765,0.18335069995373487,1373.3525390625
80/20,43,Softmax_GD,0.0,0.8704234125823737,0.0,0.7426347000291571,0.00045789999421685934,4168.75
80/20,43,Softmax_GD,0.1,0.8658264962478555,0.004596916334518197,0.7412731000222266,0.00047280004946514964,4168.7265625
80/20,43,Softmax_GD,0.5,0.7473790511094046,0.12304436147296904,0.7414575999719091,0.0004569999873638153,4168.7265625
80/20,43,Softmax_GD,1.0,0.5817919132157094,0.2886314993666642,0.7407538999686949,0.000464899989310652,4168.7265625
80/20,43,LDA,0.0,0.9141577720311769,0.0,0.0046184000093489885,0.34879800002090633,678.8671875
80/20,43,LDA,0.1,0.3806592837854462,0.5334984882457307,0.00568650005152449,0.3535208000103012,678.84375
80/20,43,LDA,0.5,0.13301588692829078,0.7811418851028861,0.004643099964596331,0.3926447000121698,678.75
80/20,43,LDA,1.0,0.11809496005252758,0.7960628119786493,0.004640700004529208,0.3477493000100367,678.75
80/20,43,QDA,0.0,0.9091534748943629,0.0,0.008057099999859929,0.29176440002629533,689.76953125
80/20,43,QDA,0.1,0.15241653588206786,0.7567369390122951,0.008818799979053438,0.2919882999849506,689.4833984375
80/20,43,QDA,0.5,0.114850355152368,0.794303119741995,0.00518410000950098,0.2986001999815926,689.466796875
80/20,43,QDA,1.0,0.1079193924501525,0.8012340824442105,0.006675300013739616,0.29984150000382215,689.466796875
80/20,43,GNB,0.0,0.8966331288484651,0.0,0.006073900032788515,0.0015373000060208142,1015.2734375
80/20,43,GNB,0.1,0.7331248567025692,0.16350827214589592,0.006523999967612326,0.0018162000342272222,1015.21875
80/20,43,GNB,0.5,0.6049830185004849,0.2916501103479803,0.006067899987101555,0.001712600002065301,1015.21875
80/20,43,GNB,1.0,0.35803061585655227,0.5386025129919129,0.005793799995444715,0.0015507999924011528,1015.21875
80/20,44,OVR_GD,0.0,0.7705860686528168,0.0,1.6319986999733374,0.0013571000308729708,1665.99609375
80/20,44,OVR_GD,0.1,0.7731256209378284,-0.0025395522850116814,1.629457300005015,0.0012514999834820628,1665.99609375
80/20,44,OVR_GD,0.5,0.6913724982267591,0.0792135704260577,1.63994179997826,0.0011582000297494233,1665.99609375
80/20,44,OVR_GD,1.0,0.5363824194180463,0.23420364923477044,1.6297899999772198,0.001388200034853071,1666.65234375
80/20,44,OVO_GD,0.0,0.8887056757930774,0.0,2.5269312000018544,0.1979484999901615,1373.3759765625
80/20,44,OVO_GD,0.1,0.8855634816690147,0.0031421941240626916,2.4666883000172675,0.18818860000465065,1373.3525390625
80/20,44,OVO_GD,0.5,0.7858431584428301,0.1028625173502472,2.4348179000080563,0.18478969996795058,1373.3525390625
80/20,44,OVO_GD,1.0,0.60640028584917,0.2823053899439073,2.436557100038044,0.18781949998810887,1374.2666015625
80/20,44,Softmax_GD,0.0,0.8701743302910685,0.0,0.7492692000232637,0.00045870000030845404,4168.75
80/20,44,Softmax_GD,0.1,0.8678333593265178,0.0023409709645506593,0.7456389000290073,0.0004450999549590051,4168.7265625
80/20,44,Softmax_GD,0.5,0.7546695660929296,0.11550476419813893,0.745905700023286,0.0004401000333018601,4168.7265625
80/20,44,Softmax_GD,1.0,0.5832742405764303,0.2869000897146382,0.7445070999674499,0.00046170002315193415,4168.7265625
80/20,44,LDA,0.0,0.926525355067484,0.0,0.0046925999922677875,0.3467275000293739,678.8671875
80/20,44,LDA,0.1,0.3776196236990642,0.5489057313684198,0.004706899984739721,0.34778240002924576,678.84375
80/20,44,LDA,0.5,0.13747761518547066,0.7890477398820134,0.004642300016712397,0.3450127000105567,678.75
80/20,44,LDA,1.0,0.09778436710236695,0.8287409879651171,0.004856100014876574,0.3488838000339456,678.75
80/20,44,QDA,0.0,0.9217147969965739,0.0,0.005490100011229515,0.29295620002085343,689.677734375
80/20,44,QDA,0.1,0.13760538767157385,0.7841094093250001,0.0052693000179715455,0.2972624999820255,689.6669921875
80/20,44,QDA,0.5,0.10512185657292146,0.8165929404236524,0.005180699983611703,0.2859811999951489,689.5126953125
80/20,44,QDA,1.0,0.08905654241366526,0.8326582545829087,0.0061508999788202345,0.29155460000038147,689.4208984375
80/20,44,GNB,0.0,0.9093231257536946,0.0,0.006459299998823553,0.001678000029642135,1015.2734375
80/20,44,GNB,0.1,0.7473515219760246,0.16197160377766995,0.006334899982903153,0.0015855999663472176,1015.21875
80/20,44,GNB,0.5,0.5865248986548879,0.3227982270988067,0.006298399996012449,0.0016694999649189413,1015.21875
80/20,44,GNB,1.0,0.34806294239978014,0.5612601833539144,0.0059287999756634235,0.0016695999656803906,1015.21875
80/20,45,OVR_GD,0.0,0.7875900120538858,0.0,1.70433800003957,0.0012189000262878835,1666.68359375
80/20,45,OVR_GD,0.1,0.7747534721650268,0.012836539888859022,1.736023900040891,0.001164599962066859,1665.99609375
80/20,45,OVR_GD,0.5,0.6815196880538043,0.10607032400008154,1.7682377999881282,0.001166699978057295,1665.99609375
80/20,45,OVR_GD,1.0,0.5468110027560146,0.24077900929787122,1.736293599999044,0.0012239000061526895,1666.01953125
80/20,45,OVO_GD,0.0,0.8904596682235735,0.0,2.578917100036051,0.18768380000256002,1373.3759765625
80/20,45,OVO_GD,0.1,0.8857457620368763,0.004713906186697203,2.4576109999907203,0.18778520001797006,1374.2666015625
80/20,45,OVO_GD,0.5,0.7955050833450169,0.09495458487855657,2.4567618999863043,0.1883053999627009,1373.3525390625
80/20,45,OVO_GD,1.0,0.6072094711749786,0.2832501970485949,2.4590066999662668,0.18744130001869053,1373.3525390625
80/20,45,Softmax_GD,0.0,0.8748046442738079,0.0,0.7496015999931842,0.0004588000010699034,4168.75
80/20,45,Softmax_GD,0.1,0.8664516321005366,0.008353012173271335,0.7433399999863468,0.00044899998465552926,4168.7265625
80/20,45,Softmax_GD,0.5,0.7651713505974592,0.10963329367634866,0.7479998000198975,0.00047720002476125956,4168.7265625
80/20,45,Softmax_GD,1.0,0.5749479321559822,0.2998567121178257,0.7446496000047773,0.00047559995437040925,4169.359375
80/20,45,LDA,0.0,0.922212412808095,0.0,0.007509299961384386,0.36010640003951266,678.8671875
80/20,45,LDA,0.1,0.37223860531782155,0.5499738074902734,0.005874900030903518,0.3503320000017993,678.84375
80/20,45,LDA,0.5,0.13086484859911848,0.7913475642089765,0.004496100009419024,0.38549860002240166,678.75
80/20,45,LDA,1.0,0.10424158929342642,0.8179708235146685,0.005437899962998927,0.3497505999985151,678.75
80/20,45,QDA,0.0,0.9162962696100385,0.0,0.005048000020906329,0.30273669998859987,689.7236328125
80/20,45,QDA,0.1,0.1529768503104927,0.7633194192995458,0.005282400001306087,0.3056284999474883,689.529296875
80/20,45,QDA,0.5,0.12012305538704472,0.7961732142229938,0.006106899993028492,0.2946753000142053,689.650390625
80/20,45,QDA,1.0,0.12421110313760572,0.7920851664724328,0.006166199978906661,0.3024664000258781,689.466796875
80/20,45,GNB,0.0,0.9034117000008143,0.0,0.00607750000199303,0.0016948999837040901,1015.2734375
80/20,45,GNB,0.1,0.7369590370708489,0.1664526629299654,0.00579610001295805,0.001582800003234297,1015.21875
80/20,45,GNB,0.5,0.5987273603517818,0.3046843396490325,0.005870799999684095,0.0015638999757356942,1015.21875
80/20,45,GNB,1.0,0.3398327282889015,0.5635789717119128,0.006473399989772588,0.0017891000024974346,1015.21875
80/20,46,OVR_GD,0.0,0.7692091145107202,0.0,1.6412601000047289,0.0013057999894954264,1665.99609375
80/20,46,OVR_GD,0.1,0.766207005587961,0.0030021089227592057,1.6256056999554858,0.0011501000262796879,1665.99609375
80/20,46,OVR_GD,0.5,0.6803796974080126,0.08882941710270753,1.629945199994836,0.0014445999986492097,1666.95703125
80/20,46,OVR_GD,1.0,0.5302533626225042,0.23895575188821594,1.6308899000287056,0.001164299959782511,1666.01953125
80/20,46,OVO_GD,0.0,0.9003521518944629,0.0,2.496397999988403,0.18684390000998974,1373.3759765625
80/20,46,OVO_GD,0.1,0.8959603354208238,0.004391816473639176,2.4644403000129387,0.18784029997186735,1373.3525390625
80/20,46,OVO_GD,0.5,0.777838593140766,0.12251355875369696,2.5265200000139885,0.18428529996890575,1373.9853515625
80/20,46,OVO_GD,1.0,0.6042847624879997,0.29606738940646327,2.470055699988734,0.18410820001736283,1373.3525390625
80/20,46,Softmax_GD,0.0,0.8817512875257612,0.0,0.740128299978096,0.00044629996409639716,4168.75
80/20,46,Softmax_GD,0.1,0.8758566281470038,0.005894659378757328,0.7418758000130765,0.0004560999805107713,4168.7265625
80/20,46,Softmax_GD,0.5,0.7611867411287471,0.12056454639701408,0.7396263999980874,0.0004993999609723687,4168.7265625
80/20,46,Softmax_GD,1.0,0.5758403129425312,0.3059109745832299,0.7431852999725379,0.00048560003051534295,4168.7265625
80/20,46,LDA,0.0,0.9184044543889632,0.0,0.0045825999695807695,0.3490790000068955,678.8671875
80/20,46,LDA,0.1,0.3617311865622604,0.5566732678267028,0.004820699978154153,0.35330509999766946,678.84375
80/20,46,LDA,0.5,0.1291866194290299,0.7892178349599334,0.005521299957763404,0.3493653000332415,678.75
80/20,46,LDA,1.0,0.10951279632010115,0.8088916580688621,0.004374699958134443,0.3452057000249624,678.75
80/20,46,QDA,0.0,0.9199480469102211,0.0,0.0051726000383496284,0.28669090004405007,689.7236328125
80/20,46,QDA,0.1,0.18161876085343573,0.7383292860567854,0.0069132999633438885,0.28634589997818694,689.4833984375
80/20,46,QDA,0.5,0.10130393449409271,0.8186441124161284,0.005309100029990077,0.2877544000511989,689.4208984375
80/20,46,QDA,1.0,0.10491716945438832,0.8150308774558328,0.005795599950943142,0.29509329999564216,689.4208984375
80/20,46,GNB,0.0,0.9033430953272942,0.0,0.005940800008829683,0.0017154999659396708,1015.2734375
80/20,46,GNB,0.1,0.7442979267882047,0.15904516853908945,0.005905199970584363,0.0015440999995917082,1015.21875
80/20,46,GNB,0.5,0.5871225997401323,0.3162204955871619,0.0063165000174194574,0.0015860999701544642,1015.21875
80/20,46,GNB,1.0,0.32580027970565256,0.5775428156216416,0.006452100002206862,0.001613799948245287,1015.21875
