split,seed,model,accuracy,f1_macro,fit_time_s,predict_time_s,peak_mem_kb
60/40,42,OVR_GD,0.8624143384290985,0.7838988947277844,0.5490574410005138,0.001047159999870928,1350.59765625
60/40,42,OVO_GD,0.8985239852398524,0.8918242594074945,0.622982743000648,0.11155616399992141,1111.529296875
60/40,42,Softmax_GD,0.8845545598313126,0.8743483986058082,0.3568664739996166,0.0005814280002596206,3147.8125
60/40,42,LDA,0.9072219293621507,0.9244242950195397,0.0024689069996384205,0.26317052400008834,526.39453125
60/40,42,QDA,0.9048497627833422,0.924038163202526,0.0027037869995183428,0.2219291510000403,537.4609375
60/40,42,GNB,0.8966789667896679,0.904679517093995,0.002852132000043639,0.001730826999846613,1194.9375
60/40,43,OVR_GD,0.8560885608856088,0.7781144421128978,0.5519886149995727,0.0010348499999963678,1342.25
60/40,43,OVO_GD,0.900632577754349,0.894193282905151,0.6217805719998069,0.11046852599974955,1111.529296875
60/40,43,Softmax_GD,0.8813916710595677,0.8744806370915897,0.3549667530005536,0.0005889370004297234,3147.8125
60/40,43,LDA,0.9032683183974697,0.9210971894228924,0.0024354779998247977,0.26025109799957136,526.39453125
60/40,43,QDA,0.9022140221402214,0.9212500977400505,0.002725423999436316,0.22716487600064283,537.4072265625
60/40,43,GNB,0.8940432261465472,0.9036134349871402,0.0030078199997660704,0.0017176480005218764,1194.9375
60/40,44,OVR_GD,0.8574064312071692,0.7735606340431872,0.5518497650000427,0.0010649209998518927,1342.25
60/40,44,OVO_GD,0.8924617817606747,0.8819655149596899,0.6333921289997306,0.1111665920006999,1111.529296875
60/40,44,Softmax_GD,0.8803373748023194,0.869528682326766,0.3870774130000427,0.000602461000198673,3147.8125
60/40,44,LDA,0.9035318924617818,0.9200384398057224,0.0024575349998485763,0.2645092600005228,526.39453125
60/40,44,QDA,0.8987875593041644,0.9208824286829392,0.0027561020006032777,0.2254552660006084,537.5146484375
60/40,44,GNB,0.8974696889826042,0.9067132045735834,0.002828755999871646,0.0016723869994166307,1194.9375
60/40,45,OVR_GD,0.8521349499209278,0.7759349401271648,0.5530888589992173,0.0010537060006754473,1342.25
60/40,45,OVO_GD,0.8958882445967317,0.8937963342567282,0.6246603890003826,0.11207214199930604,1110.732421875
60/40,45,Softmax_GD,0.8821823932525039,0.8792648225807481,0.3585058629996638,0.000587982000070042,3147.8125
60/40,45,LDA,0.9048497627833422,0.9226528919955089,0.0024203110006055795,0.27377467099995556,526.39453125
60/40,45,QDA,0.8990511333684765,0.9200013043973608,0.0027220709998800885,0.2208552359998066,537.568359375
60/40,45,GNB,0.8964153927253559,0.9062479816772596,0.002839200000380515,0.001613446000192198,1194.9375
60/40,46,OVR_GD,0.8592514496573537,0.7791737194852518,0.5536464469996645,0.0010292380002283608,1341.96875
60/40,46,OVO_GD,0.8985239852398524,0.8929819517009009,0.6283802269999796,0.11518307999995159,1110.732421875
60/40,46,Softmax_GD,0.8798102266736954,0.8721983464538806,0.352299185999982,0.0005800689996249275,3147.8125
60/40,46,LDA,0.8966789667896679,0.9166885441057351,0.0023975899994184147,0.2621058800004903,526.39453125
60/40,46,QDA,0.9016868740115973,0.9225111592144344,0.002636053000060201,0.21902040299937653,537.5146484375
60/40,46,GNB,0.8895624670532419,0.8996812450744681,0.0028033499993398436,0.001780205999239115,1194.9375
70/30,42,OVR_GD,0.8595012293642431,0.7804589727422467,0.6209874019996278,0.000862820999827818,1549.1015625
70/30,42,OVO_GD,0.8984896382156656,0.8966398922248863,0.6839640980006152,0.0856459000005998,1263.5322265625
70/30,42,Softmax_GD,0.8858447488584474,0.8791231412165057,0.42180481100058387,0.00045556599980045576,3658.3046875
70/30,42,LDA,0.9058658236740429,0.9252023917640881,0.0028893749995404505,0.1985640200000489,602.64453125
70/30,42,QDA,0.9009483667017913,0.922001586831989,0.003078361000007135,0.16568372499932593,613.7109375
70/30,42,GNB,0.8970846505093081,0.9060206822319022,0.003220153999791364,0.001314748999902804,913.796875
70/30,43,OVR_GD,0.8517737969792765,0.7728745576312936,0.6424385310001526,0.0008936300000641495,1549.125
70/30,43,OVO_GD,0.8967334035827187,0.8867082766296176,0.7063608069993279,0.08584006500041141,1263.5322265625
70/30,43,Softmax_GD,0.8798735511064278,0.870599888309423,0.45509305500036135,0.000468825999632827,3658.3046875
70/30,43,LDA,0.8995433789954338,0.9166600773831763,0.0028679320002993336,0.19559009400018113,602.64453125
70/30,43,QDA,0.8960309097295399,0.9147318722871379,0.003031548000762996,0.1671899390003091,613.6572265625
70/30,43,GNB,0.8897084650509308,0.8981900185624069,0.0032117130003825878,0.0013072589999865158,913.796875
70/30,44,OVR_GD,0.8577449947312961,0.7740611190561076,0.6344873369998822,0.0008577359994887956,1549.125
70/30,44,OVO_GD,0.8928696873902353,0.8800096568146879,0.6692598300005557,0.08442623600058141,1264.0517578125
70/30,44,Softmax_GD,0.8798735511064278,0.8666269006203129,0.4204164259999743,0.00045229199986351887,3658.3046875
70/30,44,LDA,0.9079733052335792,0.9235680034042122,0.002797400999952515,0.19874758300011308,602.64453125
70/30,44,QDA,0.8974358974358975,0.9186188439430666,0.003028553999683936,0.16453187199931563,613.7646484375
70/30,44,GNB,0.9030558482613277,0.9099993029785349,0.0032487170001331833,0.001336235999588098,913.796875
70/30,45,OVR_GD,0.8507200561995083,0.7779079196871248,0.6466473840000617,0.0008891429997675004,1549.125
70/30,45,OVO_GD,0.8932209343168247,0.8898087700622577,0.6731081900006757,0.08641332099978172,1263.5322265625
70/30,45,Softmax_GD,0.8781173164734809,0.8735760281761007,0.410193175999666,0.0004466170003070147,3658.3046875
70/30,45,LDA,0.900597119775202,0.9199512412818567,0.002774992000013299,0.19439843300006032,602.64453125
70/30,45,QDA,0.8970846505093081,0.9196807325524607,0.003052318000300147,0.16619506799997907,613.603515625
70/30,45,GNB,0.8967334035827187,0.9068053351494374,0.0032390779997513164,0.001279589000660053,913.796875
70/30,46,OVR_GD,0.8654724271162627,0.7822478451846815,0.6346445500003028,0.0008663660000820528,1549.125
70/30,46,OVO_GD,0.9020021074815595,0.8976134138852244,0.6760400859993752,0.08537620599963702,1263.5322265625
70/30,46,Softmax_GD,0.8876009834913945,0.8832841896882215,0.41068680100033816,0.00045324999973672675,3658.3046875
70/30,46,LDA,0.8984896382156656,0.9183045241934413,0.0028052420002495637,0.19550789300046745,602.64453125
70/30,46,QDA,0.9020021074815595,0.9227842481160674,0.003004488999977184,0.16775699099980557,613.7646484375
70/30,46,GNB,0.8935721812434141,0.9050816809229153,0.0032155439994312474,0.0013252089993329719,913.796875
80/20,42,OVR_GD,0.8588730911005793,0.7836708393075505,0.7093832139998995,0.0006631280002693529,1756.4765625
80/20,42,OVO_GD,0.8967877830437072,0.8908392613186017,0.7192017040006249,0.05592143000012584,1416.6845703125
80/20,42,Softmax_GD,0.8809899947340706,0.8726836377451591,0.4713373849999698,0.0003357190007591271,4169.3359375
80/20,42,LDA,0.9062664560294892,0.925346949954689,0.0032678580000720103,0.13231765199998335,678.89453125
80/20,42,QDA,0.9052132701421801,0.9258064105809761,0.003373438999915379,0.11134244300046703,690.0146484375
80/20,42,GNB,0.8999473407056345,0.909238476324225,0.0036149180004940717,0.0009439100003874046,1015.3203125
80/20,43,OVR_GD,0.8488678251711427,0.7699317968732581,0.7481896720000805,0.0006708760001856717,1756.5
80/20,43,OVO_GD,0.889942074776198,0.8805115390069134,0.7173147690000405,0.05540459399981046,1416.6845703125
80/20,43,Softmax_GD,0.8794102159031069,0.8704234125823737,0.5025016839999807,0.00043466399984026793,4169.3359375
80/20,43,LDA,0.8952080042127436,0.9141577720311769,0.0031756170001244755,0.1364510789999258,678.89453125
80/20,43,QDA,0.8894154818325435,0.9091534748943629,0.0035035149994655512,0.11024784500023088,690.0146484375
80/20,43,GNB,0.885202738283307,0.8966331288484651,0.003640109999651031,0.0009379249995618011,1015.3203125
80/20,44,OVR_GD,0.8572933122696156,0.7705860686528168,0.6906794899996385,0.0006761909999113414,1756.5
80/20,44,OVO_GD,0.9004739336492891,0.8887056757930774,0.7207480569995823,0.05608572499932052,1416.6845703125
80/20,44,Softmax_GD,0.8836229594523434,0.8701743302910685,0.4782123690001754,0.0003175689998897724,4169.390625
80/20,44,LDA,0.9110057925223802,0.926525355067484,0.003163467999911518,0.13042147499982093,678.89453125
80/20,44,QDA,0.9020537124802528,0.9217147969965739,0.003400374000193551,0.11045086400008586,690.068359375
80/20,44,GNB,0.9025803054239073,0.9093231257536946,0.0035772880000877194,0.0009171229994535679,1015.3203125
80/20,45,OVR_GD,0.8551869404949973,0.7875900120538858,0.7131046770000466,0.0006694940002489602,1756.5
80/20,45,OVO_GD,0.8915218536071616,0.8904596682235735,0.7169835749991762,0.05548556499888946,1416.6845703125
80/20,45,Softmax_GD,0.8762506582411795,0.8748046442738079,0.4824671820006188,0.0003343939988553757,4169.3359375
80/20,45,LDA,0.9010005265929436,0.922212412808095,0.0032472549992235145,0.13181230500049423,678.89453125
80/20,45,QDA,0.8920484465508162,0.9162962696100385,0.003420252000069013,0.11031413400087331,690.0146484375
80/20,45,GNB,0.8931016324381253,0.9034117000008143,0.003630909999628784,0.0009615919989300892,1015.3203125
80/20,46,OVR_GD,0.8546603475513428,0.7692091145107202,0.7152099309987534,0.0007078369999362621,1756.5
80/20,46,OVO_GD,0.9015271195365983,0.9003521518944629,0.7183157449999271,0.056168904000514885,1417.4931640625
80/20,46,Softmax_GD,0.8809899947340706,0.8817512875257612,0.4895777689998795,0.00033070400058932137,4169.3359375
80/20,46,LDA,0.8973143759873617,0.9184044543889632,0.0032572510008321842,0.13143733399920166,678.89453125
80/20,46,QDA,0.8978409689310163,0.9199480469102211,0.0034164389999205014,0.11105662899899471,689.9072265625
80/20,46,GNB,0.8909952606635071,0.9033430953272942,0.003737802000614465,0.0012089609990653116,1015.3203125
